2026-06-19 20:15:24 0 [Note] Starting MariaDB 10.4.32-MariaDB source revision c4143f909528e3fab0677a28631d10389354c491 as process 6068
2026-06-19 20:15:24 0 [Note] InnoDB: Mutexes and rw_locks use Windows interlocked functions
2026-06-19 20:15:24 0 [Note] InnoDB: Uses event mutexes
2026-06-19 20:15:24 0 [Note] InnoDB: Compressed tables use zlib 1.3
2026-06-19 20:15:24 0 [Note] InnoDB: Number of pools: 1
2026-06-19 20:15:24 0 [Note] InnoDB: Using SSE2 crc32 instructions
2026-06-19 20:15:24 0 [Note] InnoDB: Initializing buffer pool, total size = 128M, instances = 1, chunk size = 128M
2026-06-19 20:15:24 0 [Note] InnoDB: Completed initialization of buffer pool
2026-06-19 20:15:24 0 [Note] InnoDB: Starting crash recovery from checkpoint LSN=1838676
2026-06-19 20:15:25 0 [Note] InnoDB: Starting final batch to recover 1 pages from redo log.
2026-06-19 20:15:25 0 [Note] InnoDB: Resizing redo log from 2*5242880 to 2*50331648 bytes; LSN=1839012
2026-06-19 20:15:25 0 [Note] InnoDB: Starting to delete and rewrite log files.
2026-06-19 20:15:25 0 [Note] InnoDB: Setting log file .\ib_logfile101 size to 50331648 bytes
2026-06-19 20:15:25 0 [Note] InnoDB: Setting log file .\ib_logfile1 size to 50331648 bytes
2026-06-19 20:15:25 0 [Note] InnoDB: Renaming log file .\ib_logfile101 to .\ib_logfile0
2026-06-19 20:15:25 0 [Note] InnoDB: New log files created, LSN=1839012
2026-06-19 20:15:25 0 [Note] InnoDB: 128 out of 128 rollback segments are active.
2026-06-19 20:15:25 0 [Note] InnoDB: Removed temporary tablespace data file: "ibtmp1"
2026-06-19 20:15:25 0 [Note] InnoDB: Creating shared tablespace for temporary tables
2026-06-19 20:15:25 0 [Note] InnoDB: Setting file '.\ibtmp1' size to 12 MB. Physically writing the file full; Please wait ...
2026-06-19 20:15:25 0 [Note] InnoDB: File '.\ibtmp1' size is now 12 MB.
2026-06-19 20:15:25 0 [Note] InnoDB: Waiting for purge to start
2026-06-19 20:15:25 0 [Note] InnoDB: 10.4.32 started; log sequence number 1839012; transaction id 3146
2026-06-19 20:15:25 0 [Note] InnoDB: Loading buffer pool(s) from c:\xampp\mysql\data\ib_buffer_pool
2026-06-19 20:15:25 0 [Note] Plugin 'FEEDBACK' is disabled.
2026-06-19 20:15:25 0 [Note] InnoDB: Buffer pool(s) load completed at 260619 20:15:25
2026-06-19 20:15:25 0 [Note] Server socket created on IP: '::'.
2026-06-19 20:15:25 0 [ERROR] Fatal error: Can't open and lock privilege tables: Incorrect file format 'roles_mapping'
2026-06-19 20:15:25 0 [ERROR] Aborting
2026-06-19 20:17:58 0 [Note] Starting MariaDB 10.4.32-MariaDB source revision c4143f909528e3fab0677a28631d10389354c491 as process 15532
2026-06-19 20:17:58 0 [Note] InnoDB: Mutexes and rw_locks use Windows interlocked functions
2026-06-19 20:17:58 0 [Note] InnoDB: Uses event mutexes
2026-06-19 20:17:58 0 [Note] InnoDB: Compressed tables use zlib 1.3
2026-06-19 20:17:58 0 [Note] InnoDB: Number of pools: 1
2026-06-19 20:17:58 0 [Note] InnoDB: Using SSE2 crc32 instructions
2026-06-19 20:17:58 0 [Note] InnoDB: Initializing buffer pool, total size = 128M, instances = 1, chunk size = 128M
2026-06-19 20:17:58 0 [Note] InnoDB: Completed initialization of buffer pool
2026-06-19 20:17:58 0 [Note] InnoDB: 128 out of 128 rollback segments are active.
2026-06-19 20:17:58 0 [Note] InnoDB: Creating shared tablespace for temporary tables
2026-06-19 20:17:58 0 [Note] InnoDB: Setting file '.\ibtmp1' size to 12 MB. Physically writing the file full; Please wait ...
2026-06-19 20:17:58 0 [Note] InnoDB: File '.\ibtmp1' size is now 12 MB.
2026-06-19 20:17:58 0 [Note] InnoDB: Waiting for purge to start
2026-06-19 20:17:59 0 [Note] InnoDB: 10.4.32 started; log sequence number 1839125; transaction id 3146
2026-06-19 20:17:59 0 [Note] InnoDB: Loading buffer pool(s) from c:\xampp\mysql\data\ib_buffer_pool
2026-06-19 20:17:59 0 [Note] Plugin 'FEEDBACK' is disabled.
2026-06-19 20:17:59 0 [Note] InnoDB: Buffer pool(s) load completed at 260619 20:17:59
2026-06-19 20:17:59 0 [Note] Server socket created on IP: '::'.
2026-06-19 20:17:59 0 [ERROR] Fatal error: Can't open and lock privilege tables: Incorrect file format 'roles_mapping'
2026-06-19 20:17:59 0 [ERROR] Aborting
2026-06-19 20:19:19 0 [Note] Starting MariaDB 10.4.32-MariaDB source revision c4143f909528e3fab0677a28631d10389354c491 as process 19688
2026-06-19 20:19:19 0 [Note] InnoDB: Mutexes and rw_locks use Windows interlocked functions
2026-06-19 20:19:19 0 [Note] InnoDB: Uses event mutexes
2026-06-19 20:19:19 0 [Note] InnoDB: Compressed tables use zlib 1.3
2026-06-19 20:19:19 0 [Note] InnoDB: Number of pools: 1
2026-06-19 20:19:19 0 [Note] InnoDB: Using SSE2 crc32 instructions
2026-06-19 20:19:19 0 [Note] InnoDB: Initializing buffer pool, total size = 128M, instances = 1, chunk size = 128M
2026-06-19 20:19:19 0 [Note] InnoDB: Completed initialization of buffer pool
2026-06-19 20:19:19 0 [Note] InnoDB: 128 out of 128 rollback segments are active.
2026-06-19 20:19:19 0 [Note] InnoDB: Creating shared tablespace for temporary tables
2026-06-19 20:19:19 0 [Note] InnoDB: Setting file '.\ibtmp1' size to 12 MB. Physically writing the file full; Please wait ...
2026-06-19 20:19:19 0 [Note] InnoDB: File '.\ibtmp1' size is now 12 MB.
2026-06-19 20:19:19 0 [Note] InnoDB: Waiting for purge to start
2026-06-19 20:19:19 0 [Note] InnoDB: 10.4.32 started; log sequence number 1839134; transaction id 3146
2026-06-19 20:19:19 0 [Note] InnoDB: Loading buffer pool(s) from c:\xampp\mysql\data\ib_buffer_pool
2026-06-19 20:19:19 0 [Note] Plugin 'FEEDBACK' is disabled.
2026-06-19 20:19:19 0 [Note] InnoDB: Buffer pool(s) load completed at 260619 20:19:19
2026-06-19 20:19:19 0 [Note] Server socket created on IP: '::'.
2026-06-19 20:19:19 0 [ERROR] Fatal error: Can't open and lock privilege tables: Incorrect file format 'roles_mapping'
2026-06-19 20:19:19 0 [ERROR] Aborting
2026-06-19 20:20:59 0 [Note] Starting MariaDB 10.4.32-MariaDB source revision c4143f909528e3fab0677a28631d10389354c491 as process 25176
2026-06-19 20:20:59 0 [Note] InnoDB: Mutexes and rw_locks use Windows interlocked functions
2026-06-19 20:20:59 0 [Note] InnoDB: Uses event mutexes
2026-06-19 20:20:59 0 [Note] InnoDB: Compressed tables use zlib 1.3
2026-06-19 20:20:59 0 [Note] InnoDB: Number of pools: 1
2026-06-19 20:20:59 0 [Note] InnoDB: Using SSE2 crc32 instructions
2026-06-19 20:20:59 0 [Note] InnoDB: Initializing buffer pool, total size = 128M, instances = 1, chunk size = 128M
2026-06-19 20:20:59 0 [Note] InnoDB: Completed initialization of buffer pool
2026-06-19 20:20:59 0 [Note] InnoDB: 128 out of 128 rollback segments are active.
2026-06-19 20:20:59 0 [Note] InnoDB: Creating shared tablespace for temporary tables
2026-06-19 20:20:59 0 [Note] InnoDB: Setting file '.\ibtmp1' size to 12 MB. Physically writing the file full; Please wait ...
2026-06-19 20:20:59 0 [Note] InnoDB: File '.\ibtmp1' size is now 12 MB.
2026-06-19 20:20:59 0 [Note] InnoDB: Waiting for purge to start
2026-06-19 20:20:59 0 [Note] InnoDB: 10.4.32 started; log sequence number 1839143; transaction id 3146
2026-06-19 20:20:59 0 [Note] InnoDB: Loading buffer pool(s) from c:\xampp\mysql\data\ib_buffer_pool
2026-06-19 20:20:59 0 [Note] Plugin 'FEEDBACK' is disabled.
2026-06-19 20:20:59 0 [Note] InnoDB: Buffer pool(s) load completed at 260619 20:20:59
2026-06-19 20:20:59 0 [Note] Server socket created on IP: '::'.
2026-06-19 20:20:59 0 [ERROR] Fatal error: Can't open and lock privilege tables: Incorrect file format 'roles_mapping'
2026-06-19 20:20:59 0 [ERROR] Aborting
2026-06-19 20:21:38 0 [Note] Starting MariaDB 10.4.32-MariaDB source revision c4143f909528e3fab0677a28631d10389354c491 as process 25276
2026-06-19 20:21:38 0 [Note] InnoDB: Mutexes and rw_locks use Windows interlocked functions
2026-06-19 20:21:38 0 [Note] InnoDB: Uses event mutexes
2026-06-19 20:21:38 0 [Note] InnoDB: Compressed tables use zlib 1.3
2026-06-19 20:21:38 0 [Note] InnoDB: Number of pools: 1
2026-06-19 20:21:38 0 [Note] InnoDB: Using SSE2 crc32 instructions
2026-06-19 20:21:38 0 [Note] InnoDB: Initializing buffer pool, total size = 128M, instances = 1, chunk size = 128M
2026-06-19 20:21:38 0 [Note] InnoDB: Completed initialization of buffer pool
2026-06-19 20:21:38 0 [Note] InnoDB: 128 out of 128 rollback segments are active.
2026-06-19 20:21:38 0 [Note] InnoDB: Creating shared tablespace for temporary tables
2026-06-19 20:21:38 0 [Note] InnoDB: Setting file '.\ibtmp1' size to 12 MB. Physically writing the file full; Please wait ...
2026-06-19 20:21:38 0 [Note] InnoDB: File '.\ibtmp1' size is now 12 MB.
2026-06-19 20:21:38 0 [Note] InnoDB: Waiting for purge to start
2026-06-19 20:21:38 0 [Note] InnoDB: 10.4.32 started; log sequence number 1839152; transaction id 3146
2026-06-19 20:21:38 0 [Note] InnoDB: Loading buffer pool(s) from c:\xampp\mysql\data\ib_buffer_pool
2026-06-19 20:21:38 0 [Note] Plugin 'FEEDBACK' is disabled.
2026-06-19 20:21:38 0 [Note] InnoDB: Buffer pool(s) load completed at 260619 20:21:38
2026-06-19 20:21:38 0 [Note] Server socket created on IP: '::'.
2026-06-19 20:21:38 0 [ERROR] Fatal error: Can't open and lock privilege tables: Incorrect file format 'roles_mapping'
2026-06-19 20:21:38 0 [ERROR] Aborting
2026-06-19 20:24:54 0 [Note] Starting MariaDB 10.4.32-MariaDB source revision c4143f909528e3fab0677a28631d10389354c491 as process 11324
2026-06-19 20:24:54 0 [Note] InnoDB: Mutexes and rw_locks use Windows interlocked functions
2026-06-19 20:24:54 0 [Note] InnoDB: Uses event mutexes
2026-06-19 20:24:54 0 [Note] InnoDB: Compressed tables use zlib 1.3
2026-06-19 20:24:54 0 [Note] InnoDB: Number of pools: 1
2026-06-19 20:24:54 0 [Note] InnoDB: Using SSE2 crc32 instructions
2026-06-19 20:24:54 0 [Note] InnoDB: Initializing buffer pool, total size = 128M, instances = 1, chunk size = 128M
2026-06-19 20:24:54 0 [Note] InnoDB: Completed initialization of buffer pool
2026-06-19 20:24:54 0 [Note] InnoDB: 128 out of 128 rollback segments are active.
2026-06-19 20:24:54 0 [Note] InnoDB: Creating shared tablespace for temporary tables
2026-06-19 20:24:54 0 [Note] InnoDB: Setting file '.\ibtmp1' size to 12 MB. Physically writing the file full; Please wait ...
2026-06-19 20:24:54 0 [Note] InnoDB: File '.\ibtmp1' size is now 12 MB.
2026-06-19 20:24:54 0 [Note] InnoDB: Waiting for purge to start
2026-06-19 20:24:54 0 [Note] InnoDB: 10.4.32 started; log sequence number 1839161; transaction id 3146
2026-06-19 20:24:54 0 [Note] InnoDB: Loading buffer pool(s) from c:\xampp\mysql\data\ib_buffer_pool
2026-06-19 20:24:54 0 [Note] Plugin 'FEEDBACK' is disabled.
2026-06-19 20:24:54 0 [Note] InnoDB: Buffer pool(s) load completed at 260619 20:24:54
2026-06-19 20:24:54 0 [Note] Server socket created on IP: '::'.
2026-06-19 20:24:54 0 [ERROR] Fatal error: Can't open and lock privilege tables: Incorrect file format 'roles_mapping'
2026-06-19 20:24:54 0 [ERROR] Aborting
2026-06-19 20:25:25 0 [Note] Starting MariaDB 10.4.32-MariaDB source revision c4143f909528e3fab0677a28631d10389354c491 as process 25564
2026-06-19 20:25:25 0 [Note] InnoDB: Mutexes and rw_locks use Windows interlocked functions
2026-06-19 20:25:25 0 [Note] InnoDB: Uses event mutexes
2026-06-19 20:25:25 0 [Note] InnoDB: Compressed tables use zlib 1.3
2026-06-19 20:25:25 0 [Note] InnoDB: Number of pools: 1
2026-06-19 20:25:25 0 [Note] InnoDB: Using SSE2 crc32 instructions
2026-06-19 20:25:25 0 [Note] InnoDB: Initializing buffer pool, total size = 128M, instances = 1, chunk size = 128M
2026-06-19 20:25:25 0 [Note] InnoDB: Completed initialization of buffer pool
2026-06-19 20:25:25 0 [Note] InnoDB: 128 out of 128 rollback segments are active.
2026-06-19 20:25:25 0 [Note] InnoDB: Creating shared tablespace for temporary tables
2026-06-19 20:25:25 0 [Note] InnoDB: Setting file '.\ibtmp1' size to 12 MB. Physically writing the file full; Please wait ...
2026-06-19 20:25:25 0 [Note] InnoDB: File '.\ibtmp1' size is now 12 MB.
2026-06-19 20:25:25 0 [Note] InnoDB: Waiting for purge to start
2026-06-19 20:25:25 0 [Note] InnoDB: 10.4.32 started; log sequence number 1839170; transaction id 3146
2026-06-19 20:25:25 0 [Note] InnoDB: Loading buffer pool(s) from c:\xampp\mysql\data\ib_buffer_pool
2026-06-19 20:25:25 0 [Note] Plugin 'FEEDBACK' is disabled.
2026-06-19 20:25:25 0 [Note] InnoDB: Buffer pool(s) load completed at 260619 20:25:25
2026-06-19 20:25:25 0 [Note] Server socket created on IP: '::'.
2026-06-19 20:25:25 0 [ERROR] Fatal error: Can't open and lock privilege tables: Incorrect file format 'roles_mapping'
2026-06-19 20:25:25 0 [ERROR] Aborting
2026-06-19 20:25:59 0 [Note] Starting MariaDB 10.4.32-MariaDB source revision c4143f909528e3fab0677a28631d10389354c491 as process 4984
2026-06-19 20:25:59 0 [Note] InnoDB: Mutexes and rw_locks use Windows interlocked functions
2026-06-19 20:25:59 0 [Note] InnoDB: Uses event mutexes
2026-06-19 20:25:59 0 [Note] InnoDB: Compressed tables use zlib 1.3
2026-06-19 20:25:59 0 [Note] InnoDB: Number of pools: 1
2026-06-19 20:25:59 0 [Note] InnoDB: Using SSE2 crc32 instructions
2026-06-19 20:25:59 0 [Note] InnoDB: Initializing buffer pool, total size = 128M, instances = 1, chunk size = 128M
2026-06-19 20:25:59 0 [Note] InnoDB: Completed initialization of buffer pool
2026-06-19 20:25:59 0 [Note] InnoDB: 128 out of 128 rollback segments are active.
2026-06-19 20:25:59 0 [Note] InnoDB: Creating shared tablespace for temporary tables
2026-06-19 20:25:59 0 [Note] InnoDB: Setting file '.\ibtmp1' size to 12 MB. Physically writing the file full; Please wait ...
2026-06-19 20:25:59 0 [Note] InnoDB: File '.\ibtmp1' size is now 12 MB.
2026-06-19 20:25:59 0 [Note] InnoDB: Waiting for purge to start
2026-06-19 20:25:59 0 [Note] InnoDB: 10.4.32 started; log sequence number 1839179; transaction id 3146
2026-06-19 20:25:59 0 [Note] Plugin 'FEEDBACK' is disabled.
2026-06-19 20:25:59 0 [Note] InnoDB: Loading buffer pool(s) from c:\xampp\mysql\data\ib_buffer_pool
2026-06-19 20:25:59 0 [Note] InnoDB: Buffer pool(s) load completed at 260619 20:25:59
2026-06-19 20:25:59 0 [Note] Server socket created on IP: '::'.
2026-06-19 20:25:59 0 [ERROR] Fatal error: Can't open and lock privilege tables: Incorrect file format 'roles_mapping'
2026-06-19 20:25:59 0 [ERROR] Aborting
2026-06-19 20:26:45 0 [Note] Starting MariaDB 10.4.32-MariaDB source revision c4143f909528e3fab0677a28631d10389354c491 as process 5984
2026-06-19 20:26:45 0 [Note] InnoDB: Mutexes and rw_locks use Windows interlocked functions
2026-06-19 20:26:45 0 [Note] InnoDB: Uses event mutexes
2026-06-19 20:26:45 0 [Note] InnoDB: Compressed tables use zlib 1.3
2026-06-19 20:26:45 0 [Note] InnoDB: Number of pools: 1
2026-06-19 20:26:45 0 [Note] InnoDB: Using SSE2 crc32 instructions
2026-06-19 20:26:45 0 [Note] InnoDB: Initializing buffer pool, total size = 128M, instances = 1, chunk size = 128M
2026-06-19 20:26:45 0 [Note] InnoDB: Completed initialization of buffer pool
2026-06-19 20:26:45 0 [Note] InnoDB: 128 out of 128 rollback segments are active.
2026-06-19 20:26:45 0 [Note] InnoDB: Creating shared tablespace for temporary tables
2026-06-19 20:26:46 0 [Note] InnoDB: Setting file '.\ibtmp1' size to 12 MB. Physically writing the file full; Please wait ...
2026-06-19 20:26:46 0 [Note] InnoDB: File '.\ibtmp1' size is now 12 MB.
2026-06-19 20:26:46 0 [Note] InnoDB: Waiting for purge to start
2026-06-19 20:26:46 0 [Note] InnoDB: 10.4.32 started; log sequence number 1839188; transaction id 3146
2026-06-19 20:26:46 0 [Note] InnoDB: Loading buffer pool(s) from c:\xampp\mysql\data\ib_buffer_pool
2026-06-19 20:26:46 0 [Note] Plugin 'FEEDBACK' is disabled.
2026-06-19 20:26:46 0 [Note] InnoDB: Buffer pool(s) load completed at 260619 20:26:46
2026-06-19 20:26:46 0 [Note] Server socket created on IP: '::'.
2026-06-19 20:26:46 0 [ERROR] Fatal error: Can't open and lock privilege tables: Incorrect file format 'roles_mapping'
2026-06-19 20:26:46 0 [ERROR] Aborting
2026-06-19 20:28:33 0 [Note] Starting MariaDB 10.4.32-MariaDB source revision c4143f909528e3fab0677a28631d10389354c491 as process 20088
2026-06-19 20:28:33 0 [Note] InnoDB: Mutexes and rw_locks use Windows interlocked functions
2026-06-19 20:28:33 0 [Note] InnoDB: Uses event mutexes
2026-06-19 20:28:33 0 [Note] InnoDB: Compressed tables use zlib 1.3
2026-06-19 20:28:33 0 [Note] InnoDB: Number of pools: 1
2026-06-19 20:28:33 0 [Note] InnoDB: Using SSE2 crc32 instructions
2026-06-19 20:28:33 0 [Note] InnoDB: Initializing buffer pool, total size = 128M, instances = 1, chunk size = 128M
2026-06-19 20:28:33 0 [Note] InnoDB: Completed initialization of buffer pool
2026-06-19 20:28:34 0 [Note] InnoDB: 128 out of 128 rollback segments are active.
2026-06-19 20:28:34 0 [Note] InnoDB: Creating shared tablespace for temporary tables
2026-06-19 20:28:34 0 [Note] InnoDB: Setting file '.\ibtmp1' size to 12 MB. Physically writing the file full; Please wait ...
2026-06-19 20:28:34 0 [Note] InnoDB: File '.\ibtmp1' size is now 12 MB.
2026-06-19 20:28:34 0 [Note] InnoDB: Waiting for purge to start
2026-06-19 20:28:34 0 [Note] InnoDB: 10.4.32 started; log sequence number 1839197; transaction id 3146
2026-06-19 20:28:34 0 [Note] InnoDB: Loading buffer pool(s) from c:\xampp\mysql\data\ib_buffer_pool
2026-06-19 20:28:34 0 [Note] Plugin 'FEEDBACK' is disabled.
2026-06-19 20:28:34 0 [Note] InnoDB: Buffer pool(s) load completed at 260619 20:28:34
2026-06-19 20:28:34 0 [Note] Server socket created on IP: '::'.
2026-06-19 20:28:34 0 [ERROR] Fatal error: Can't open and lock privilege tables: Incorrect file format 'roles_mapping'
2026-06-19 20:28:34 0 [ERROR] Aborting
2026-06-19 20:35:01 0 [Note] Starting MariaDB 10.4.32-MariaDB source revision c4143f909528e3fab0677a28631d10389354c491 as process 10652
2026-06-19 20:35:01 0 [Note] InnoDB: Mutexes and rw_locks use Windows interlocked functions
2026-06-19 20:35:01 0 [Note] InnoDB: Uses event mutexes
2026-06-19 20:35:01 0 [Note] InnoDB: Compressed tables use zlib 1.3
2026-06-19 20:35:01 0 [Note] InnoDB: Number of pools: 1
2026-06-19 20:35:01 0 [Note] InnoDB: Using SSE2 crc32 instructions
2026-06-19 20:35:01 0 [Note] InnoDB: Initializing buffer pool, total size = 128M, instances = 1, chunk size = 128M
2026-06-19 20:35:01 0 [Note] InnoDB: Completed initialization of buffer pool
2026-06-19 20:35:01 0 [Note] InnoDB: 128 out of 128 rollback segments are active.
2026-06-19 20:35:01 0 [Note] InnoDB: Creating shared tablespace for temporary tables
2026-06-19 20:35:01 0 [Note] InnoDB: Setting file '.\ibtmp1' size to 12 MB. Physically writing the file full; Please wait ...
2026-06-19 20:35:01 0 [Note] InnoDB: File '.\ibtmp1' size is now 12 MB.
2026-06-19 20:35:01 0 [Note] InnoDB: Waiting for purge to start
2026-06-19 20:35:01 0 [Note] InnoDB: 10.4.32 started; log sequence number 1839206; transaction id 3146
2026-06-19 20:35:01 0 [Note] InnoDB: Loading buffer pool(s) from c:\xampp\mysql\data\ib_buffer_pool
2026-06-19 20:35:01 0 [Note] Plugin 'FEEDBACK' is disabled.
2026-06-19 20:35:01 0 [Note] InnoDB: Buffer pool(s) load completed at 260619 20:35:01
2026-06-19 20:35:01 0 [Note] Server socket created on IP: '::'.
2026-06-19 20:35:01 0 [ERROR] Fatal error: Can't open and lock privilege tables: Incorrect file format 'roles_mapping'
2026-06-19 20:35:01 0 [ERROR] Aborting
2026-06-19 20:37:30 0 [Note] Starting MariaDB 10.4.32-MariaDB source revision c4143f909528e3fab0677a28631d10389354c491 as process 22876
2026-06-19 20:37:30 0 [Note] InnoDB: Mutexes and rw_locks use Windows interlocked functions
2026-06-19 20:37:30 0 [Note] InnoDB: Uses event mutexes
2026-06-19 20:37:30 0 [Note] InnoDB: Compressed tables use zlib 1.3
2026-06-19 20:37:30 0 [Note] InnoDB: Number of pools: 1
2026-06-19 20:37:30 0 [Note] InnoDB: Using SSE2 crc32 instructions
2026-06-19 20:37:30 0 [Note] InnoDB: Initializing buffer pool, total size = 128M, instances = 1, chunk size = 128M
2026-06-19 20:37:30 0 [Note] InnoDB: Completed initialization of buffer pool
2026-06-19 20:37:30 0 [Note] InnoDB: 128 out of 128 rollback segments are active.
2026-06-19 20:37:30 0 [Note] InnoDB: Creating shared tablespace for temporary tables
2026-06-19 20:37:30 0 [Note] InnoDB: Setting file '.\ibtmp1' size to 12 MB. Physically writing the file full; Please wait ...
2026-06-19 20:37:30 0 [Note] InnoDB: File '.\ibtmp1' size is now 12 MB.
2026-06-19 20:37:30 0 [Note] InnoDB: Waiting for purge to start
2026-06-19 20:37:30 0 [Note] InnoDB: 10.4.32 started; log sequence number 1839215; transaction id 3146
2026-06-19 20:37:30 0 [Note] InnoDB: Loading buffer pool(s) from c:\xampp\mysql\data\ib_buffer_pool
2026-06-19 20:37:30 0 [Note] Plugin 'FEEDBACK' is disabled.
2026-06-19 20:37:30 0 [Note] InnoDB: Buffer pool(s) load completed at 260619 20:37:30
2026-06-19 20:37:30 0 [Note] Server socket created on IP: '::'.
2026-06-19 20:37:30 0 [ERROR] Fatal error: Can't open and lock privilege tables: Incorrect file format 'roles_mapping'
2026-06-19 20:37:30 0 [ERROR] Aborting
2026-06-19 20:41:50 0 [Note] Starting MariaDB 10.4.32-MariaDB source revision c4143f909528e3fab0677a28631d10389354c491 as process 23360
2026-06-19 20:41:50 0 [Note] InnoDB: Mutexes and rw_locks use Windows interlocked functions
2026-06-19 20:41:50 0 [Note] InnoDB: Uses event mutexes
2026-06-19 20:41:50 0 [Note] InnoDB: Compressed tables use zlib 1.3
2026-06-19 20:41:50 0 [Note] InnoDB: Number of pools: 1
2026-06-19 20:41:50 0 [Note] InnoDB: Using SSE2 crc32 instructions
2026-06-19 20:41:50 0 [Note] InnoDB: Initializing buffer pool, total size = 128M, instances = 1, chunk size = 128M
2026-06-19 20:41:50 0 [Note] InnoDB: Completed initialization of buffer pool
2026-06-19 20:41:50 0 [Note] InnoDB: 128 out of 128 rollback segments are active.
2026-06-19 20:41:50 0 [Note] InnoDB: Creating shared tablespace for temporary tables
2026-06-19 20:41:50 0 [Note] InnoDB: Setting file '.\ibtmp1' size to 12 MB. Physically writing the file full; Please wait ...
2026-06-19 20:41:50 0 [Note] InnoDB: File '.\ibtmp1' size is now 12 MB.
2026-06-19 20:41:50 0 [Note] InnoDB: Waiting for purge to start
2026-06-19 20:41:50 0 [Note] InnoDB: 10.4.32 started; log sequence number 1839224; transaction id 3146
2026-06-19 20:41:50 0 [Note] InnoDB: Loading buffer pool(s) from c:\xampp\mysql\data\ib_buffer_pool
2026-06-19 20:41:50 0 [Note] Plugin 'FEEDBACK' is disabled.
2026-06-19 20:41:50 0 [Note] InnoDB: Buffer pool(s) load completed at 260619 20:41:50
2026-06-19 20:41:50 0 [Note] Server socket created on IP: '::'.
2026-06-19 20:41:50 0 [ERROR] Fatal error: Can't open and lock privilege tables: Incorrect file format 'roles_mapping'
2026-06-19 20:41:50 0 [ERROR] Aborting
2026-06-19 20:43:03 0 [Note] Starting MariaDB 10.4.32-MariaDB source revision c4143f909528e3fab0677a28631d10389354c491 as process 23732
2026-06-19 20:43:03 0 [Note] InnoDB: Mutexes and rw_locks use Windows interlocked functions
2026-06-19 20:43:03 0 [Note] InnoDB: Uses event mutexes
2026-06-19 20:43:03 0 [Note] InnoDB: Compressed tables use zlib 1.3
2026-06-19 20:43:03 0 [Note] InnoDB: Number of pools: 1
2026-06-19 20:43:03 0 [Note] InnoDB: Using SSE2 crc32 instructions
2026-06-19 20:43:03 0 [Note] InnoDB: Initializing buffer pool, total size = 128M, instances = 1, chunk size = 128M
2026-06-19 20:43:03 0 [Note] InnoDB: Completed initialization of buffer pool
2026-06-19 20:43:03 0 [Note] InnoDB: 128 out of 128 rollback segments are active.
2026-06-19 20:43:03 0 [Note] InnoDB: Creating shared tablespace for temporary tables
2026-06-19 20:43:03 0 [Note] InnoDB: Setting file '.\ibtmp1' size to 12 MB. Physically writing the file full; Please wait ...
2026-06-19 20:43:03 0 [Note] InnoDB: File '.\ibtmp1' size is now 12 MB.
2026-06-19 20:43:03 0 [Note] InnoDB: Waiting for purge to start
2026-06-19 20:43:03 0 [Note] InnoDB: 10.4.32 started; log sequence number 1839233; transaction id 3146
2026-06-19 20:43:03 0 [Note] InnoDB: Loading buffer pool(s) from c:\xampp\mysql\data\ib_buffer_pool
2026-06-19 20:43:03 0 [Note] Plugin 'FEEDBACK' is disabled.
2026-06-19 20:43:03 0 [Note] InnoDB: Buffer pool(s) load completed at 260619 20:43:03
2026-06-19 20:43:03 0 [Note] Server socket created on IP: '::'.
2026-06-19 20:43:03 0 [ERROR] Fatal error: Can't open and lock privilege tables: Incorrect file format 'roles_mapping'
2026-06-19 20:43:03 0 [ERROR] Aborting
2026-06-19 20:44:20 0 [Note] Starting MariaDB 10.4.32-MariaDB source revision c4143f909528e3fab0677a28631d10389354c491 as process 24328
2026-06-19 20:44:20 0 [Note] InnoDB: Mutexes and rw_locks use Windows interlocked functions
2026-06-19 20:44:20 0 [Note] InnoDB: Uses event mutexes
2026-06-19 20:44:20 0 [Note] InnoDB: Compressed tables use zlib 1.3
2026-06-19 20:44:20 0 [Note] InnoDB: Number of pools: 1
2026-06-19 20:44:20 0 [Note] InnoDB: Using SSE2 crc32 instructions
2026-06-19 20:44:20 0 [Note] InnoDB: Initializing buffer pool, total size = 128M, instances = 1, chunk size = 128M
2026-06-19 20:44:20 0 [Note] InnoDB: Completed initialization of buffer pool
2026-06-19 20:44:20 0 [Note] InnoDB: 128 out of 128 rollback segments are active.
2026-06-19 20:44:20 0 [Note] InnoDB: Creating shared tablespace for temporary tables
2026-06-19 20:44:20 0 [Note] InnoDB: Setting file '.\ibtmp1' size to 12 MB. Physically writing the file full; Please wait ...
2026-06-19 20:44:20 0 [Note] InnoDB: File '.\ibtmp1' size is now 12 MB.
2026-06-19 20:44:20 0 [Note] InnoDB: Waiting for purge to start
2026-06-19 20:44:20 0 [Note] InnoDB: 10.4.32 started; log sequence number 1839242; transaction id 3146
2026-06-19 20:44:20 0 [Note] InnoDB: Loading buffer pool(s) from c:\xampp\mysql\data\ib_buffer_pool
2026-06-19 20:44:20 0 [Note] Plugin 'FEEDBACK' is disabled.
2026-06-19 20:44:20 0 [Note] InnoDB: Buffer pool(s) load completed at 260619 20:44:20
2026-06-19 20:44:20 0 [Note] Server socket created on IP: '::'.
2026-06-19 20:44:20 0 [ERROR] Fatal error: Can't open and lock privilege tables: Incorrect file format 'roles_mapping'
2026-06-19 20:44:20 0 [ERROR] Aborting
2026-06-19 20:44:33 0 [Note] Starting MariaDB 10.4.32-MariaDB source revision c4143f909528e3fab0677a28631d10389354c491 as process 25180
2026-06-19 20:44:33 0 [Note] InnoDB: Mutexes and rw_locks use Windows interlocked functions
2026-06-19 20:44:33 0 [Note] InnoDB: Uses event mutexes
2026-06-19 20:44:33 0 [Note] InnoDB: Compressed tables use zlib 1.3
2026-06-19 20:44:33 0 [Note] InnoDB: Number of pools: 1
2026-06-19 20:44:33 0 [Note] InnoDB: Using SSE2 crc32 instructions
2026-06-19 20:44:33 0 [Note] InnoDB: Initializing buffer pool, total size = 128M, instances = 1, chunk size = 128M
2026-06-19 20:44:33 0 [Note] InnoDB: Completed initialization of buffer pool
2026-06-19 20:44:33 0 [Note] InnoDB: 128 out of 128 rollback segments are active.
2026-06-19 20:44:33 0 [Note] InnoDB: Creating shared tablespace for temporary tables
2026-06-19 20:44:33 0 [Note] InnoDB: Setting file '.\ibtmp1' size to 12 MB. Physically writing the file full; Please wait ...
2026-06-19 20:44:33 0 [Note] InnoDB: File '.\ibtmp1' size is now 12 MB.
2026-06-19 20:44:33 0 [Note] InnoDB: Waiting for purge to start
2026-06-19 20:44:33 0 [Note] InnoDB: 10.4.32 started; log sequence number 1839251; transaction id 3146
2026-06-19 20:44:33 0 [Note] InnoDB: Loading buffer pool(s) from c:\xampp\mysql\data\ib_buffer_pool
2026-06-19 20:44:33 0 [Note] Plugin 'FEEDBACK' is disabled.
2026-06-19 20:44:33 0 [Note] InnoDB: Buffer pool(s) load completed at 260619 20:44:33
2026-06-19 20:44:33 0 [Note] Server socket created on IP: '::'.
2026-06-19 20:44:33 0 [ERROR] Fatal error: Can't open and lock privilege tables: Incorrect file format 'roles_mapping'
2026-06-19 20:44:33 0 [ERROR] Aborting
2026-06-19 20:44:58 0 [Note] Starting MariaDB 10.4.32-MariaDB source revision c4143f909528e3fab0677a28631d10389354c491 as process 10560
2026-06-19 20:44:58 0 [Note] InnoDB: Mutexes and rw_locks use Windows interlocked functions
2026-06-19 20:44:58 0 [Note] InnoDB: Uses event mutexes
2026-06-19 20:44:58 0 [Note] InnoDB: Compressed tables use zlib 1.3
2026-06-19 20:44:58 0 [Note] InnoDB: Number of pools: 1
2026-06-19 20:44:58 0 [Note] InnoDB: Using SSE2 crc32 instructions
2026-06-19 20:44:58 0 [Note] InnoDB: Initializing buffer pool, total size = 128M, instances = 1, chunk size = 128M
2026-06-19 20:44:58 0 [Note] InnoDB: Completed initialization of buffer pool
2026-06-19 20:44:58 0 [Note] InnoDB: 128 out of 128 rollback segments are active.
2026-06-19 20:44:58 0 [Note] InnoDB: Creating shared tablespace for temporary tables
2026-06-19 20:44:58 0 [Note] InnoDB: Setting file '.\ibtmp1' size to 12 MB. Physically writing the file full; Please wait ...
2026-06-19 20:44:58 0 [Note] InnoDB: File '.\ibtmp1' size is now 12 MB.
2026-06-19 20:44:58 0 [Note] InnoDB: Waiting for purge to start
2026-06-19 20:44:58 0 [Note] InnoDB: 10.4.32 started; log sequence number 1839260; transaction id 3146
2026-06-19 20:44:58 0 [Note] InnoDB: Loading buffer pool(s) from c:\xampp\mysql\data\ib_buffer_pool
2026-06-19 20:44:58 0 [Note] Plugin 'FEEDBACK' is disabled.
2026-06-19 20:44:58 0 [Note] InnoDB: Buffer pool(s) load completed at 260619 20:44:58
2026-06-19 20:44:58 0 [Note] Server socket created on IP: '::'.
2026-06-19 20:44:58 0 [ERROR] Fatal error: Can't open and lock privilege tables: Incorrect file format 'roles_mapping'
2026-06-19 20:44:58 0 [ERROR] Aborting
2026-06-19 20:48:19 0 [Note] Starting MariaDB 10.4.32-MariaDB source revision c4143f909528e3fab0677a28631d10389354c491 as process 6152
2026-06-19 20:48:19 0 [Note] InnoDB: Mutexes and rw_locks use Windows interlocked functions
2026-06-19 20:48:19 0 [Note] InnoDB: Uses event mutexes
2026-06-19 20:48:19 0 [Note] InnoDB: Compressed tables use zlib 1.3
2026-06-19 20:48:19 0 [Note] InnoDB: Number of pools: 1
2026-06-19 20:48:19 0 [Note] InnoDB: Using SSE2 crc32 instructions
2026-06-19 20:48:19 0 [Note] InnoDB: Initializing buffer pool, total size = 128M, instances = 1, chunk size = 128M
2026-06-19 20:48:19 0 [Note] InnoDB: Completed initialization of buffer pool
2026-06-19 20:48:19 0 [Note] InnoDB: 128 out of 128 rollback segments are active.
2026-06-19 20:48:19 0 [Note] InnoDB: Creating shared tablespace for temporary tables
2026-06-19 20:48:19 0 [Note] InnoDB: Setting file '.\ibtmp1' size to 12 MB. Physically writing the file full; Please wait ...
2026-06-19 20:48:19 0 [Note] InnoDB: File '.\ibtmp1' size is now 12 MB.
2026-06-19 20:48:19 0 [Note] InnoDB: Waiting for purge to start
2026-06-19 20:48:19 0 [Note] InnoDB: 10.4.32 started; log sequence number 1839269; transaction id 3146
2026-06-19 20:48:19 0 [Note] InnoDB: Loading buffer pool(s) from c:\xampp\mysql\data\ib_buffer_pool
2026-06-19 20:48:19 0 [Note] Plugin 'FEEDBACK' is disabled.
2026-06-19 20:48:19 0 [Note] InnoDB: Buffer pool(s) load completed at 260619 20:48:19
2026-06-19 20:48:19 0 [Note] Server socket created on IP: '::'.
2026-06-19 20:48:19 0 [ERROR] Fatal error: Can't open and lock privilege tables: Incorrect file format 'roles_mapping'
2026-06-19 20:48:19 0 [ERROR] Aborting
2026-06-19 20:50:40 0 [Note] Starting MariaDB 10.4.32-MariaDB source revision c4143f909528e3fab0677a28631d10389354c491 as process 4596
2026-06-19 20:50:40 0 [Note] InnoDB: Mutexes and rw_locks use Windows interlocked functions
2026-06-19 20:50:40 0 [Note] InnoDB: Uses event mutexes
2026-06-19 20:50:40 0 [Note] InnoDB: Compressed tables use zlib 1.3
2026-06-19 20:50:40 0 [Note] InnoDB: Number of pools: 1
2026-06-19 20:50:40 0 [Note] InnoDB: Using SSE2 crc32 instructions
2026-06-19 20:50:40 0 [Note] InnoDB: Initializing buffer pool, total size = 128M, instances = 1, chunk size = 128M
2026-06-19 20:50:40 0 [Note] InnoDB: Completed initialization of buffer pool
2026-06-19 20:50:40 0 [Note] InnoDB: 128 out of 128 rollback segments are active.
2026-06-19 20:50:40 0 [Note] InnoDB: Creating shared tablespace for temporary tables
2026-06-19 20:50:40 0 [Note] InnoDB: Setting file '.\ibtmp1' size to 12 MB. Physically writing the file full; Please wait ...
2026-06-19 20:50:40 0 [Note] InnoDB: File '.\ibtmp1' size is now 12 MB.
2026-06-19 20:50:40 0 [Note] InnoDB: Waiting for purge to start
2026-06-19 20:50:40 0 [Note] InnoDB: 10.4.32 started; log sequence number 1839278; transaction id 3146
2026-06-19 20:50:40 0 [Note] InnoDB: Loading buffer pool(s) from c:\xampp\mysql\data\ib_buffer_pool
2026-06-19 20:50:40 0 [Note] Plugin 'FEEDBACK' is disabled.
2026-06-19 20:50:40 0 [Note] InnoDB: Buffer pool(s) load completed at 260619 20:50:40
2026-06-19 20:50:40 0 [Note] Server socket created on IP: '::'.
2026-06-19 20:50:40 0 [ERROR] Fatal error: Can't open and lock privilege tables: Incorrect file format 'roles_mapping'
2026-06-19 20:50:40 0 [ERROR] Aborting
2026-06-19 20:55:12 0 [Note] Starting MariaDB 10.4.32-MariaDB source revision c4143f909528e3fab0677a28631d10389354c491 as process 9776
2026-06-19 20:55:12 0 [Note] InnoDB: Mutexes and rw_locks use Windows interlocked functions
2026-06-19 20:55:12 0 [Note] InnoDB: Uses event mutexes
2026-06-19 20:55:12 0 [Note] InnoDB: Compressed tables use zlib 1.3
2026-06-19 20:55:12 0 [Note] InnoDB: Number of pools: 1
2026-06-19 20:55:12 0 [Note] InnoDB: Using SSE2 crc32 instructions
2026-06-19 20:55:12 0 [Note] InnoDB: Initializing buffer pool, total size = 128M, instances = 1, chunk size = 128M
2026-06-19 20:55:12 0 [Note] InnoDB: Completed initialization of buffer pool
2026-06-19 20:55:12 0 [Note] InnoDB: 128 out of 128 rollback segments are active.
2026-06-19 20:55:12 0 [Note] InnoDB: Creating shared tablespace for temporary tables
2026-06-19 20:55:12 0 [Note] InnoDB: Setting file '.\ibtmp1' size to 12 MB. Physically writing the file full; Please wait ...
2026-06-19 20:55:12 0 [Note] InnoDB: File '.\ibtmp1' size is now 12 MB.
2026-06-19 20:55:12 0 [Note] InnoDB: Waiting for purge to start
2026-06-19 20:55:12 0 [Note] InnoDB: 10.4.32 started; log sequence number 1839287; transaction id 3146
2026-06-19 20:55:12 0 [Note] InnoDB: Loading buffer pool(s) from c:\xampp\mysql\data\ib_buffer_pool
2026-06-19 20:55:12 0 [Note] Plugin 'FEEDBACK' is disabled.
2026-06-19 20:55:12 0 [Note] InnoDB: Buffer pool(s) load completed at 260619 20:55:12
2026-06-19 20:55:12 0 [Note] Server socket created on IP: '::'.
2026-06-19 20:55:12 0 [ERROR] Fatal error: Can't open and lock privilege tables: Incorrect file format 'roles_mapping'
2026-06-19 20:55:12 0 [ERROR] Aborting
2026-06-19 21:12:19 0 [Note] Starting MariaDB 10.4.32-MariaDB source revision c4143f909528e3fab0677a28631d10389354c491 as process 3016
2026-06-19 21:12:19 0 [Note] InnoDB: Mutexes and rw_locks use Windows interlocked functions
2026-06-19 21:12:19 0 [Note] InnoDB: Uses event mutexes
2026-06-19 21:12:19 0 [Note] InnoDB: Compressed tables use zlib 1.3
2026-06-19 21:12:19 0 [Note] InnoDB: Number of pools: 1
2026-06-19 21:12:19 0 [Note] InnoDB: Using SSE2 crc32 instructions
2026-06-19 21:12:19 0 [Note] InnoDB: Initializing buffer pool, total size = 128M, instances = 1, chunk size = 128M
2026-06-19 21:12:19 0 [Note] InnoDB: Completed initialization of buffer pool
2026-06-19 21:12:19 0 [Note] InnoDB: 128 out of 128 rollback segments are active.
2026-06-19 21:12:19 0 [Note] InnoDB: Removed temporary tablespace data file: "ibtmp1"
2026-06-19 21:12:19 0 [Note] InnoDB: Creating shared tablespace for temporary tables
2026-06-19 21:12:19 0 [Note] InnoDB: Setting file '.\ibtmp1' size to 12 MB. Physically writing the file full; Please wait ...
2026-06-19 21:12:19 0 [Note] InnoDB: File '.\ibtmp1' size is now 12 MB.
2026-06-19 21:12:19 0 [Note] InnoDB: Waiting for purge to start
2026-06-19 21:12:19 0 [Note] InnoDB: 10.4.32 started; log sequence number 1839296; transaction id 3146
2026-06-19 21:12:19 0 [Note] Plugin 'FEEDBACK' is disabled.
2026-06-19 21:12:19 0 [Note] InnoDB: Loading buffer pool(s) from c:\xampp\mysql\data\ib_buffer_pool
2026-06-19 21:12:19 0 [Note] InnoDB: Buffer pool(s) load completed at 260619 21:12:19
2026-06-19 21:12:19 0 [Note] Server socket created on IP: '::'.
2026-06-19 21:12:19 0 [Note] Reading of all Master_info entries succeeded
2026-06-19 21:12:19 0 [Note] Added new Master_info '' to hash table
2026-06-19 21:12:19 0 [Note] mysql: ready for connections.
Version: '10.4.32-MariaDB'  socket: ''  port: 3306  mariadb.org binary distribution
2026-06-19 21:12:49 0 [Note] mysql (initiated by: unknown): Normal shutdown
2026-06-19 21:12:49 0 [Note] Event Scheduler: Purging the queue. 0 events
2026-06-19 21:12:49 0 [Note] InnoDB: FTS optimize thread exiting.
2026-06-19 21:12:50 0 [Note] InnoDB: Starting shutdown...
2026-06-19 21:12:50 0 [Note] InnoDB: Dumping buffer pool(s) to c:\xampp\mysql\data\ib_buffer_pool
2026-06-19 21:12:50 0 [Note] InnoDB: Buffer pool(s) dump completed at 260619 21:12:50
2026-06-19 21:12:51 0 [Note] InnoDB: Removed temporary tablespace data file: "ibtmp1"
2026-06-19 21:12:51 0 [Note] InnoDB: Shutdown completed; log sequence number 1839305; transaction id 3147
2026-06-19 21:12:51 0 [Note] mysql: Shutdown complete

2026-06-19 21:13:20 0 [Note] Starting MariaDB 10.4.32-MariaDB source revision c4143f909528e3fab0677a28631d10389354c491 as process 5952
2026-06-19 21:13:20 0 [Note] InnoDB: Mutexes and rw_locks use Windows interlocked functions
2026-06-19 21:13:20 0 [Note] InnoDB: Uses event mutexes
2026-06-19 21:13:20 0 [Note] InnoDB: Compressed tables use zlib 1.3
2026-06-19 21:13:20 0 [Note] InnoDB: Number of pools: 1
2026-06-19 21:13:20 0 [Note] InnoDB: Using SSE2 crc32 instructions
2026-06-19 21:13:20 0 [Note] InnoDB: Initializing buffer pool, total size = 128M, instances = 1, chunk size = 128M
2026-06-19 21:13:20 0 [Note] InnoDB: Completed initialization of buffer pool
2026-06-19 21:13:21 0 [Note] InnoDB: 128 out of 128 rollback segments are active.
2026-06-19 21:13:21 0 [Note] InnoDB: Creating shared tablespace for temporary tables
2026-06-19 21:13:21 0 [Note] InnoDB: Setting file '.\ibtmp1' size to 12 MB. Physically writing the file full; Please wait ...
2026-06-19 21:13:21 0 [Note] InnoDB: File '.\ibtmp1' size is now 12 MB.
2026-06-19 21:13:21 0 [Note] InnoDB: Waiting for purge to start
2026-06-19 21:13:21 0 [Note] InnoDB: 10.4.32 started; log sequence number 1839305; transaction id 3146
2026-06-19 21:13:21 0 [Note] InnoDB: Loading buffer pool(s) from c:\xampp\mysql\data\ib_buffer_pool
2026-06-19 21:13:21 0 [Note] Plugin 'FEEDBACK' is disabled.
2026-06-19 21:13:21 0 [Note] InnoDB: Buffer pool(s) load completed at 260619 21:13:21
2026-06-19 21:13:21 0 [Note] Server socket created on IP: '::'.
2026-06-19 21:13:21 0 [Note] Reading of all Master_info entries succeeded
2026-06-19 21:13:21 0 [Note] Added new Master_info '' to hash table
2026-06-19 21:13:21 0 [Note] mysql: ready for connections.
Version: '10.4.32-MariaDB'  socket: ''  port: 3306  mariadb.org binary distribution
2026-06-19 22:27:30 9 [Warning] Aborted connection 9 to db: 'e_archive' user: 'root' host: 'localhost' (Got an error reading communication packets)
2026-06-19 22:44:54 11 [Warning] Aborted connection 11 to db: 'e_archive' user: 'root' host: 'localhost' (Got an error reading communication packets)
2026-06-19 23:26:36 13 [Warning] Aborted connection 13 to db: 'e_archive' user: 'root' host: 'localhost' (Got an error reading communication packets)
2026-06-20  1:17:27 15 [Warning] Aborted connection 15 to db: 'e_archive' user: 'root' host: 'localhost' (Got an error reading communication packets)
2026-06-20  1:19:37 17 [Warning] Aborted connection 17 to db: 'e_archive' user: 'root' host: 'localhost' (Got an error reading communication packets)
2026-06-20  1:33:38 19 [Warning] Aborted connection 19 to db: 'e_archive' user: 'root' host: 'localhost' (Got an error reading communication packets)
2026-06-20 10:37:24 21 [Warning] Aborted connection 21 to db: 'e_archive' user: 'root' host: 'localhost' (Got an error reading communication packets)
2026-06-20 10:46:47 23 [Warning] Aborted connection 23 to db: 'e_archive' user: 'root' host: 'localhost' (Got an error reading communication packets)
2026-06-20 11:33:40 25 [Warning] Aborted connection 25 to db: 'e_archive' user: 'root' host: 'localhost' (Got an error reading communication packets)
2026-06-20 19:05:45 27 [Warning] Aborted connection 27 to db: 'e_archive' user: 'root' host: 'localhost' (Got an error reading communication packets)
2026-06-20 20:18:08 29 [Warning] Aborted connection 29 to db: 'e_archive' user: 'root' host: 'localhost' (Got an error reading communication packets)
2026-06-26 20:28:24 0 [Note] Starting MariaDB 10.4.32-MariaDB source revision c4143f909528e3fab0677a28631d10389354c491 as process 6052
2026-06-26 20:28:25 0 [Note] InnoDB: Mutexes and rw_locks use Windows interlocked functions
2026-06-26 20:28:25 0 [Note] InnoDB: Uses event mutexes
2026-06-26 20:28:25 0 [Note] InnoDB: Compressed tables use zlib 1.3
2026-06-26 20:28:25 0 [Note] InnoDB: Number of pools: 1
2026-06-26 20:28:25 0 [Note] InnoDB: Using SSE2 crc32 instructions
2026-06-26 20:28:25 0 [Note] InnoDB: Initializing buffer pool, total size = 128M, instances = 1, chunk size = 128M
2026-06-26 20:28:25 0 [Note] InnoDB: Completed initialization of buffer pool
2026-06-26 20:28:25 0 [Note] InnoDB: Starting crash recovery from checkpoint LSN=1910918
2026-06-26 20:28:25 0 [Note] InnoDB: 128 out of 128 rollback segments are active.
2026-06-26 20:28:25 0 [Note] InnoDB: Removed temporary tablespace data file: "ibtmp1"
2026-06-26 20:28:25 0 [Note] InnoDB: Creating shared tablespace for temporary tables
2026-06-26 20:28:25 0 [Note] InnoDB: Setting file '.\ibtmp1' size to 12 MB. Physically writing the file full; Please wait ...
2026-06-26 20:28:25 0 [Note] InnoDB: File '.\ibtmp1' size is now 12 MB.
2026-06-26 20:28:25 0 [Note] InnoDB: Waiting for purge to start
2026-06-26 20:28:25 0 [Note] InnoDB: 10.4.32 started; log sequence number 1910927; transaction id 3603
2026-06-26 20:28:25 0 [Note] InnoDB: Loading buffer pool(s) from c:\xampp\mysql\data\ib_buffer_pool
2026-06-26 20:28:25 0 [Note] Plugin 'FEEDBACK' is disabled.
2026-06-26 20:28:25 0 [Note] InnoDB: Buffer pool(s) load completed at 260626 20:28:25
2026-06-26 20:28:25 0 [Note] Server socket created on IP: '::'.
2026-06-26 20:28:25 0 [Note] Reading of all Master_info entries succeeded
2026-06-26 20:28:25 0 [Note] Added new Master_info '' to hash table
2026-06-26 20:28:25 0 [Note] mysql: ready for connections.
Version: '10.4.32-MariaDB'  socket: ''  port: 3306  mariadb.org binary distribution
2026-06-26 20:41:51 9 [Warning] Aborted connection 9 to db: 'e_archive' user: 'root' host: 'localhost' (Got an error reading communication packets)
2026-06-26 21:07:12 11 [Warning] Aborted connection 11 to db: 'e_archive' user: 'root' host: 'localhost' (Got an error reading communication packets)
2026-06-26 21:18:51 13 [Warning] Aborted connection 13 to db: 'e_archive' user: 'root' host: 'localhost' (Got an error reading communication packets)
2026-06-26 23:27:52 15 [Warning] Aborted connection 15 to db: 'e_archive' user: 'root' host: 'localhost' (Got an error reading communication packets)
2026-06-26 23:42:40 17 [Warning] Aborted connection 17 to db: 'e_archive' user: 'root' host: 'localhost' (Got an error reading communication packets)
2026-06-26 23:56:10 19 [Warning] Aborted connection 19 to db: 'e_archive' user: 'root' host: 'localhost' (Got an error reading communication packets)
2026-06-26 23:57:10 21 [Warning] Aborted connection 21 to db: 'e_archive' user: 'root' host: 'localhost' (Got an error reading communication packets)
2026-06-26 23:58:32 23 [Warning] Aborted connection 23 to db: 'e_archive' user: 'root' host: 'localhost' (Got an error reading communication packets)
2026-06-27  0:17:47 25 [Warning] Aborted connection 25 to db: 'e_archive' user: 'root' host: 'localhost' (Got an error reading communication packets)
2026-06-27  0:18:26 0 [Note] mysql (initiated by: unknown): Normal shutdown
2026-06-27  0:18:26 0 [Note] Event Scheduler: Purging the queue. 0 events
2026-06-27  0:18:26 0 [Note] InnoDB: FTS optimize thread exiting.
2026-06-27  0:18:26 0 [Note] InnoDB: Starting shutdown...
2026-06-27  0:18:26 0 [Note] InnoDB: Dumping buffer pool(s) to c:\xampp\mysql\data\ib_buffer_pool
2026-06-27  0:18:26 0 [Note] InnoDB: Buffer pool(s) dump completed at 260627  0:18:26
2026-06-27  0:18:28 0 [Note] InnoDB: Removed temporary tablespace data file: "ibtmp1"
2026-06-27  0:18:28 0 [Note] InnoDB: Shutdown completed; log sequence number 1922081; transaction id 3896
2026-06-27  0:18:28 0 [Note] mysql: Shutdown complete

2026-06-27  0:18:54 0 [Note] Starting MariaDB 10.4.32-MariaDB source revision c4143f909528e3fab0677a28631d10389354c491 as process 5548
2026-06-27  0:18:54 0 [Note] InnoDB: Mutexes and rw_locks use Windows interlocked functions
2026-06-27  0:18:54 0 [Note] InnoDB: Uses event mutexes
2026-06-27  0:18:54 0 [Note] InnoDB: Compressed tables use zlib 1.3
2026-06-27  0:18:54 0 [Note] InnoDB: Number of pools: 1
2026-06-27  0:18:54 0 [Note] InnoDB: Using SSE2 crc32 instructions
2026-06-27  0:18:54 0 [Note] InnoDB: Initializing buffer pool, total size = 128M, instances = 1, chunk size = 128M
2026-06-27  0:18:54 0 [Note] InnoDB: Completed initialization of buffer pool
2026-06-27  0:18:54 0 [Note] InnoDB: 128 out of 128 rollback segments are active.
2026-06-27  0:18:54 0 [Note] InnoDB: Creating shared tablespace for temporary tables
2026-06-27  0:18:54 0 [Note] InnoDB: Setting file '.\ibtmp1' size to 12 MB. Physically writing the file full; Please wait ...
2026-06-27  0:18:54 0 [Note] InnoDB: File '.\ibtmp1' size is now 12 MB.
2026-06-27  0:18:54 0 [Note] InnoDB: Waiting for purge to start
2026-06-27  0:18:54 0 [Note] InnoDB: 10.4.32 started; log sequence number 1922081; transaction id 3897
2026-06-27  0:18:54 0 [Note] InnoDB: Loading buffer pool(s) from c:\xampp\mysql\data\ib_buffer_pool
2026-06-27  0:18:54 0 [Note] Plugin 'FEEDBACK' is disabled.
2026-06-27  0:18:54 0 [Note] Server socket created on IP: '::'.
2026-06-27  0:18:54 0 [Note] InnoDB: Buffer pool(s) load completed at 260627  0:18:54
2026-06-27  0:18:54 0 [Note] Reading of all Master_info entries succeeded
2026-06-27  0:18:54 0 [Note] Added new Master_info '' to hash table
2026-06-27  0:18:54 0 [Note] mysql: ready for connections.
Version: '10.4.32-MariaDB'  socket: ''  port: 3306  mariadb.org binary distribution
2026-06-27  0:29:37 0 [Note] mysql (initiated by: unknown): Normal shutdown
2026-06-27  0:29:37 0 [Note] Event Scheduler: Purging the queue. 0 events
2026-06-27  0:29:37 0 [Note] InnoDB: FTS optimize thread exiting.
2026-06-27  0:29:37 0 [Note] InnoDB: Starting shutdown...
2026-06-27  0:29:37 0 [Note] InnoDB: Dumping buffer pool(s) to c:\xampp\mysql\data\ib_buffer_pool
2026-06-27  0:29:37 0 [Note] InnoDB: Buffer pool(s) dump completed at 260627  0:29:37
2026-06-27  0:29:37 0 [Note] InnoDB: Removed temporary tablespace data file: "ibtmp1"
2026-06-27  0:29:37 0 [Note] InnoDB: Shutdown completed; log sequence number 1922090; transaction id 3898
2026-06-27  0:29:37 0 [Note] mysql: Shutdown complete

2026-06-27  0:30:07 0 [Note] Starting MariaDB 10.4.32-MariaDB source revision c4143f909528e3fab0677a28631d10389354c491 as process 5924
2026-06-27  0:30:07 0 [Note] InnoDB: Mutexes and rw_locks use Windows interlocked functions
2026-06-27  0:30:07 0 [Note] InnoDB: Uses event mutexes
2026-06-27  0:30:07 0 [Note] InnoDB: Compressed tables use zlib 1.3
2026-06-27  0:30:07 0 [Note] InnoDB: Number of pools: 1
2026-06-27  0:30:07 0 [Note] InnoDB: Using SSE2 crc32 instructions
2026-06-27  0:30:07 0 [Note] InnoDB: Initializing buffer pool, total size = 128M, instances = 1, chunk size = 128M
2026-06-27  0:30:07 0 [Note] InnoDB: Completed initialization of buffer pool
2026-06-27  0:30:07 0 [Note] InnoDB: 128 out of 128 rollback segments are active.
2026-06-27  0:30:07 0 [Note] InnoDB: Creating shared tablespace for temporary tables
2026-06-27  0:30:07 0 [Note] InnoDB: Setting file '.\ibtmp1' size to 12 MB. Physically writing the file full; Please wait ...
2026-06-27  0:30:07 0 [Note] InnoDB: File '.\ibtmp1' size is now 12 MB.
2026-06-27  0:30:07 0 [Note] InnoDB: Waiting for purge to start
2026-06-27  0:30:07 0 [Note] InnoDB: 10.4.32 started; log sequence number 1922090; transaction id 3897
2026-06-27  0:30:07 0 [Note] InnoDB: Loading buffer pool(s) from c:\xampp\mysql\data\ib_buffer_pool
2026-06-27  0:30:07 0 [Note] Plugin 'FEEDBACK' is disabled.
2026-06-27  0:30:07 0 [Note] Server socket created on IP: '::'.
2026-06-27  0:30:07 0 [Note] InnoDB: Buffer pool(s) load completed at 260627  0:30:07
2026-06-27  0:30:07 0 [Note] Reading of all Master_info entries succeeded
2026-06-27  0:30:07 0 [Note] Added new Master_info '' to hash table
2026-06-27  0:30:07 0 [Note] mysql: ready for connections.
Version: '10.4.32-MariaDB'  socket: ''  port: 3306  mariadb.org binary distribution
2026-06-27  0:41:51 9 [Warning] Aborted connection 9 to db: 'e_archive' user: 'root' host: 'localhost' (Got an error reading communication packets)
2026-06-28 17:55:07 11 [Warning] Aborted connection 11 to db: 'e_archive' user: 'root' host: 'localhost' (Got an error reading communication packets)
2026-06-28 17:56:57 13 [Warning] Aborted connection 13 to db: 'e_archive' user: 'root' host: 'localhost' (Got an error reading communication packets)
2026-07-01 20:41:50 55 [Warning] Aborted connection 55 to db: 'e_archive' user: 'root' host: 'localhost' (Got an error reading communication packets)
2026-07-01 22:01:46 57 [Warning] Aborted connection 57 to db: 'e_archive' user: 'root' host: 'localhost' (Got an error reading communication packets)
2026-06-26  9:53:04 59 [Warning] Aborted connection 59 to db: 'e_archive' user: 'root' host: 'localhost' (Got timeout reading communication packets)
2026-06-26 10:22:12 61 [Warning] Aborted connection 61 to db: 'e_archive' user: 'root' host: 'localhost' (Got an error reading communication packets)
2026-06-26 14:47:54 63 [Warning] Aborted connection 63 to db: 'e_archive' user: 'root' host: 'localhost' (Got an error reading communication packets)
2026-06-26 14:49:07 213 [Warning] Aborted connection 213 to db: 'e_archive' user: 'root' host: 'localhost' (Got an error reading communication packets)
2026-06-26 14:49:40 215 [Warning] Aborted connection 215 to db: 'e_archive' user: 'root' host: 'localhost' (Got an error reading communication packets)
2026-06-26 14:54:42 217 [Warning] Aborted connection 217 to db: 'e_archive' user: 'root' host: 'localhost' (Got an error reading communication packets)
2026-06-26 16:51:39 219 [Warning] Aborted connection 219 to db: 'e_archive' user: 'root' host: 'localhost' (Got an error reading communication packets)
2026-06-26 17:09:03 241 [Warning] Aborted connection 241 to db: 'e_archive' user: 'root' host: 'localhost' (Got an error reading communication packets)
2026-06-26 17:10:31 243 [Warning] Aborted connection 243 to db: 'e_archive' user: 'root' host: 'localhost' (Got an error reading communication packets)
2026-06-26 19:22:33 245 [Warning] Aborted connection 245 to db: 'e_archive' user: 'root' host: 'localhost' (Got an error reading communication packets)
2026-06-26 19:54:56 247 [Warning] Aborted connection 247 to db: 'e_archive' user: 'root' host: 'localhost' (Got an error reading communication packets)
2026-06-26 20:16:12 249 [Warning] Aborted connection 249 to db: 'e_archive' user: 'root' host: 'localhost' (Got an error reading communication packets)
2026-06-26 21:01:00 251 [Warning] Aborted connection 251 to db: 'e_archive' user: 'root' host: 'localhost' (Got an error reading communication packets)
2026-06-26 22:17:42 253 [Warning] Aborted connection 253 to db: 'e_archive' user: 'root' host: 'localhost' (Got an error reading communication packets)
2026-06-27 10:27:01 255 [Warning] Aborted connection 255 to db: 'e_archive' user: 'root' host: 'localhost' (Got timeout reading communication packets)
2026-06-27 10:47:28 0 [Note] mysql (initiated by: unknown): Normal shutdown
2026-06-27 10:47:28 0 [Note] Event Scheduler: Purging the queue. 0 events
2026-06-27 10:47:28 0 [Note] InnoDB: FTS optimize thread exiting.
2026-06-27 10:47:28 0 [Note] InnoDB: Starting shutdown...
2026-06-27 10:47:28 0 [Note] InnoDB: Dumping buffer pool(s) to c:\xampp\mysql\data\ib_buffer_pool
2026-06-27 10:47:28 0 [Note] InnoDB: Buffer pool(s) dump completed at 260627 10:47:28
2026-06-27 10:47:29 0 [Note] InnoDB: Removed temporary tablespace data file: "ibtmp1"
2026-06-27 10:47:29 0 [Note] InnoDB: Shutdown completed; log sequence number 2096858; transaction id 4937
2026-06-27 10:47:29 0 [Note] mysql: Shutdown complete

2026-06-27 10:49:56 0 [Note] Starting MariaDB 10.4.32-MariaDB source revision c4143f909528e3fab0677a28631d10389354c491 as process 31792
2026-06-27 10:49:56 0 [Note] InnoDB: Mutexes and rw_locks use Windows interlocked functions
2026-06-27 10:49:56 0 [Note] InnoDB: Uses event mutexes
2026-06-27 10:49:56 0 [Note] InnoDB: Compressed tables use zlib 1.3
2026-06-27 10:49:56 0 [Note] InnoDB: Number of pools: 1
2026-06-27 10:49:56 0 [Note] InnoDB: Using SSE2 crc32 instructions
2026-06-27 10:49:56 0 [Note] InnoDB: Initializing buffer pool, total size = 128M, instances = 1, chunk size = 128M
2026-06-27 10:49:56 0 [Note] InnoDB: Completed initialization of buffer pool
2026-06-27 10:49:56 0 [Note] InnoDB: 128 out of 128 rollback segments are active.
2026-06-27 10:49:56 0 [Note] InnoDB: Creating shared tablespace for temporary tables
2026-06-27 10:49:56 0 [Note] InnoDB: Setting file '.\ibtmp1' size to 12 MB. Physically writing the file full; Please wait ...
2026-06-27 10:49:56 0 [Note] InnoDB: File '.\ibtmp1' size is now 12 MB.
2026-06-27 10:49:56 0 [Note] InnoDB: Waiting for purge to start
2026-06-27 10:49:56 0 [Note] InnoDB: 10.4.32 started; log sequence number 2096858; transaction id 4938
2026-06-27 10:49:56 0 [Note] InnoDB: Loading buffer pool(s) from c:\xampp\mysql\data\ib_buffer_pool
2026-06-27 10:49:56 0 [Note] Plugin 'FEEDBACK' is disabled.
2026-06-27 10:49:56 0 [Note] InnoDB: Buffer pool(s) load completed at 260627 10:49:56
2026-06-27 10:49:56 0 [Note] Server socket created on IP: '::'.
2026-06-27 10:49:57 0 [Note] Reading of all Master_info entries succeeded
2026-06-27 10:49:57 0 [Note] Added new Master_info '' to hash table
2026-06-27 10:49:57 0 [Note] mysql: ready for connections.
Version: '10.4.32-MariaDB'  socket: ''  port: 3306  mariadb.org binary distribution
2026-06-27 10:58:01 9 [Warning] Aborted connection 9 to db: 'e_archive' user: 'root' host: 'localhost' (Got an error reading communication packets)
2026-06-27 11:05:48 11 [Warning] Aborted connection 11 to db: 'e_archive' user: 'root' host: 'localhost' (Got an error reading communication packets)
2026-06-27 11:11:04 13 [Warning] Aborted connection 13 to db: 'e_archive' user: 'root' host: 'localhost' (Got an error reading communication packets)
2026-06-27 11:21:33 15 [Warning] Aborted connection 15 to db: 'e_archive' user: 'root' host: 'localhost' (Got an error reading communication packets)
2026-06-27 16:08:19 17 [Warning] Aborted connection 17 to db: 'e_archive' user: 'root' host: 'localhost' (Got an error reading communication packets)
2026-06-27 16:21:36 57 [Warning] Aborted connection 57 to db: 'e_archive' user: 'root' host: 'localhost' (Got an error reading communication packets)
2026-06-27 16:39:00 59 [Warning] Aborted connection 59 to db: 'e_archive' user: 'root' host: 'localhost' (Got an error reading communication packets)
2026-06-27 16:45:19 61 [Warning] Aborted connection 61 to db: 'e_archive' user: 'root' host: 'localhost' (Got an error reading communication packets)
2026-06-27 17:10:51 63 [Warning] Aborted connection 63 to db: 'e_archive' user: 'root' host: 'localhost' (Got an error reading communication packets)
2026-06-27 17:30:33 65 [Warning] Aborted connection 65 to db: 'e_archive' user: 'root' host: 'localhost' (Got an error reading communication packets)
2026-06-27 17:37:58 67 [Warning] Aborted connection 67 to db: 'e_archive' user: 'root' host: 'localhost' (Got an error reading communication packets)
2026-06-28  0:46:12 97 [Warning] Aborted connection 97 to db: 'e_archive' user: 'root' host: 'localhost' (Got an error reading communication packets)
2026-06-28  1:29:56 99 [Warning] Aborted connection 99 to db: 'e_archive' user: 'root' host: 'localhost' (Got an error reading communication packets)
2026-06-28  2:53:37 103 [Warning] Aborted connection 103 to db: 'e_archive' user: 'root' host: 'localhost' (Got an error reading communication packets)
2026-06-28  2:58:17 105 [Warning] Aborted connection 105 to db: 'e_archive' user: 'root' host: 'localhost' (Got an error reading communication packets)
2026-06-28  3:01:35 107 [Warning] Aborted connection 107 to db: 'e_archive' user: 'root' host: 'localhost' (Got an error reading communication packets)
2026-06-28  3:06:31 111 [Warning] Aborted connection 111 to db: 'e_archive' user: 'root' host: 'localhost' (Got an error reading communication packets)
2026-06-28  3:14:05 113 [Warning] Aborted connection 113 to db: 'e_archive' user: 'root' host: 'localhost' (Got an error reading communication packets)
2026-06-28  3:20:22 115 [Warning] Aborted connection 115 to db: 'e_archive' user: 'root' host: 'localhost' (Got an error reading communication packets)
2026-06-28  3:46:01 117 [Warning] Aborted connection 117 to db: 'e_archive' user: 'root' host: 'localhost' (Got an error reading communication packets)
2026-06-28 10:46:53 119 [Warning] Aborted connection 119 to db: 'e_archive' user: 'root' host: 'localhost' (Got an error reading communication packets)
2026-06-28 11:14:39 121 [Warning] Aborted connection 121 to db: 'e_archive' user: 'root' host: 'localhost' (Got an error reading communication packets)
2026-06-28 11:27:19 123 [Warning] Aborted connection 123 to db: 'e_archive' user: 'root' host: 'localhost' (Got an error reading communication packets)
2026-06-28 11:53:23 125 [Warning] Aborted connection 125 to db: 'e_archive' user: 'root' host: 'localhost' (Got an error reading communication packets)
2026-06-28 11:59:35 0 [Note] mysql (initiated by: unknown): Normal shutdown
2026-06-28 11:59:35 0 [Note] InnoDB: FTS optimize thread exiting.
2026-06-28 11:59:35 0 [Note] Event Scheduler: Purging the queue. 0 events
2026-06-28 11:59:35 0 [Note] InnoDB: Starting shutdown...
2026-06-28 11:59:35 0 [Note] InnoDB: Dumping buffer pool(s) to c:\xampp\mysql\data\ib_buffer_pool
2026-06-28 11:59:35 0 [Note] InnoDB: Buffer pool(s) dump completed at 260628 11:59:35
2026-06-28 11:59:36 0 [Note] InnoDB: Removed temporary tablespace data file: "ibtmp1"
2026-06-28 11:59:36 0 [Note] InnoDB: Shutdown completed; log sequence number 2160708; transaction id 5849
2026-06-28 11:59:36 0 [Note] mysql: Shutdown complete

2026-06-28 12:00:10 0 [Note] Starting MariaDB 10.4.32-MariaDB source revision c4143f909528e3fab0677a28631d10389354c491 as process 5516
2026-06-28 12:00:10 0 [Note] InnoDB: Mutexes and rw_locks use Windows interlocked functions
2026-06-28 12:00:10 0 [Note] InnoDB: Uses event mutexes
2026-06-28 12:00:10 0 [Note] InnoDB: Compressed tables use zlib 1.3
2026-06-28 12:00:10 0 [Note] InnoDB: Number of pools: 1
2026-06-28 12:00:10 0 [Note] InnoDB: Using SSE2 crc32 instructions
2026-06-28 12:00:10 0 [Note] InnoDB: Initializing buffer pool, total size = 128M, instances = 1, chunk size = 128M
2026-06-28 12:00:10 0 [Note] InnoDB: Completed initialization of buffer pool
2026-06-28 12:00:11 0 [Note] InnoDB: 128 out of 128 rollback segments are active.
2026-06-28 12:00:11 0 [Note] InnoDB: Creating shared tablespace for temporary tables
2026-06-28 12:00:11 0 [Note] InnoDB: Setting file '.\ibtmp1' size to 12 MB. Physically writing the file full; Please wait ...
2026-06-28 12:00:11 0 [Note] InnoDB: File '.\ibtmp1' size is now 12 MB.
2026-06-28 12:00:11 0 [Note] InnoDB: Waiting for purge to start
2026-06-28 12:00:11 0 [Note] InnoDB: 10.4.32 started; log sequence number 2160708; transaction id 5850
2026-06-28 12:00:11 0 [Note] InnoDB: Loading buffer pool(s) from c:\xampp\mysql\data\ib_buffer_pool
2026-06-28 12:00:11 0 [Note] Plugin 'FEEDBACK' is disabled.
2026-06-28 12:00:11 0 [Note] Server socket created on IP: '::'.
2026-06-28 12:00:11 0 [Note] InnoDB: Buffer pool(s) load completed at 260628 12:00:11
2026-06-28 12:00:11 0 [Note] Reading of all Master_info entries succeeded
2026-06-28 12:00:11 0 [Note] Added new Master_info '' to hash table
2026-06-28 12:00:11 0 [Note] mysql: ready for connections.
Version: '10.4.32-MariaDB'  socket: ''  port: 3306  mariadb.org binary distribution
2026-06-28 12:06:56 9 [Warning] Aborted connection 9 to db: 'e_archive' user: 'root' host: 'localhost' (Got an error reading communication packets)
2026-06-28 20:19:19 43 [Warning] Aborted connection 43 to db: 'e_archive' user: 'root' host: 'localhost' (Got an error reading communication packets)
2026-06-29  6:18:58 45 [Warning] Aborted connection 45 to db: 'e_archive' user: 'root' host: 'localhost' (Got timeout reading communication packets)
2026-06-29  7:07:25 47 [Warning] Aborted connection 47 to db: 'e_archive' user: 'root' host: 'localhost' (Got an error reading communication packets)
2026-06-29  7:14:32 69 [Warning] Aborted connection 69 to db: 'e_archive' user: 'root' host: 'localhost' (Got an error reading communication packets)
2026-06-29  7:33:03 103 [Warning] Aborted connection 103 to db: 'e_archive' user: 'root' host: 'localhost' (Got an error reading communication packets)
2026-07-02  1:59:46 171 [Warning] Aborted connection 171 to db: 'e_archive' user: 'root' host: 'localhost' (Got an error reading communication packets)
2026-07-02  2:15:49 173 [Warning] Aborted connection 173 to db: 'e_archive' user: 'root' host: 'localhost' (Got an error reading communication packets)
2026-07-02  2:20:41 211 [Warning] Aborted connection 211 to db: 'e_archive' user: 'root' host: 'localhost' (Got an error reading communication packets)
2026-07-02  2:32:33 213 [Warning] Aborted connection 213 to db: 'e_archive' user: 'root' host: 'localhost' (Got an error reading communication packets)
2026-07-02  2:38:13 0 [Note] mysql (initiated by: unknown): Normal shutdown
2026-07-02  2:38:13 0 [Note] Event Scheduler: Purging the queue. 0 events
2026-07-02  2:38:13 0 [Note] InnoDB: FTS optimize thread exiting.
2026-07-02  2:38:13 0 [Note] InnoDB: Starting shutdown...
2026-07-02  2:38:13 0 [Note] InnoDB: Dumping buffer pool(s) to c:\xampp\mysql\data\ib_buffer_pool
2026-07-02  2:38:13 0 [Note] InnoDB: Buffer pool(s) dump completed at 260702  2:38:13
2026-07-02  2:38:14 0 [Note] InnoDB: Removed temporary tablespace data file: "ibtmp1"
2026-07-02  2:38:14 0 [Note] InnoDB: Shutdown completed; log sequence number 2282189; transaction id 6583
2026-07-02  2:38:14 0 [Note] mysql: Shutdown complete

2026-07-02 10:36:41 0 [Note] Starting MariaDB 10.4.32-MariaDB source revision c4143f909528e3fab0677a28631d10389354c491 as process 2108
2026-07-02 10:36:41 0 [Note] InnoDB: Mutexes and rw_locks use Windows interlocked functions
2026-07-02 10:36:41 0 [Note] InnoDB: Uses event mutexes
2026-07-02 10:36:41 0 [Note] InnoDB: Compressed tables use zlib 1.3
2026-07-02 10:36:41 0 [Note] InnoDB: Number of pools: 1
2026-07-02 10:36:41 0 [Note] InnoDB: Using SSE2 crc32 instructions
2026-07-02 10:36:41 0 [Note] InnoDB: Initializing buffer pool, total size = 128M, instances = 1, chunk size = 128M
2026-07-02 10:36:41 0 [Note] InnoDB: Completed initialization of buffer pool
2026-07-02 10:36:42 0 [Note] InnoDB: 128 out of 128 rollback segments are active.
2026-07-02 10:36:42 0 [Note] InnoDB: Creating shared tablespace for temporary tables
2026-07-02 10:36:42 0 [Note] InnoDB: Setting file '.\ibtmp1' size to 12 MB. Physically writing the file full; Please wait ...
2026-07-02 10:36:42 0 [Note] InnoDB: File '.\ibtmp1' size is now 12 MB.
2026-07-02 10:36:42 0 [Note] InnoDB: Waiting for purge to start
2026-07-02 10:36:42 0 [Note] InnoDB: 10.4.32 started; log sequence number 2282189; transaction id 6584
2026-07-02 10:36:42 0 [Note] InnoDB: Loading buffer pool(s) from c:\xampp\mysql\data\ib_buffer_pool
2026-07-02 10:36:42 0 [Note] Plugin 'FEEDBACK' is disabled.
2026-07-02 10:36:42 0 [Note] InnoDB: Buffer pool(s) load completed at 260702 10:36:42
2026-07-02 10:36:42 0 [Note] Server socket created on IP: '::'.
2026-07-02 10:36:42 0 [Note] Reading of all Master_info entries succeeded
2026-07-02 10:36:42 0 [Note] Added new Master_info '' to hash table
2026-07-02 10:36:42 0 [Note] mysql: ready for connections.
Version: '10.4.32-MariaDB'  socket: ''  port: 3306  mariadb.org binary distribution
2026-07-02 10:37:33 0 [Note] mysql (initiated by: unknown): Normal shutdown
2026-07-02 10:37:33 0 [Note] Event Scheduler: Purging the queue. 0 events
2026-07-02 10:37:33 0 [Note] InnoDB: FTS optimize thread exiting.
2026-07-02 10:37:33 0 [Note] InnoDB: Starting shutdown...
2026-07-02 10:37:33 0 [Note] InnoDB: Dumping buffer pool(s) to c:\xampp\mysql\data\ib_buffer_pool
2026-07-02 10:37:33 0 [Note] InnoDB: Buffer pool(s) dump completed at 260702 10:37:33
2026-07-02 10:37:33 0 [Note] InnoDB: Removed temporary tablespace data file: "ibtmp1"
2026-07-02 10:37:33 0 [Note] InnoDB: Shutdown completed; log sequence number 2282198; transaction id 6585
2026-07-02 10:37:34 0 [Note] mysql: Shutdown complete

2026-07-02 10:38:40 0 [Note] Starting MariaDB 10.4.32-MariaDB source revision c4143f909528e3fab0677a28631d10389354c491 as process 11844
2026-07-02 10:38:40 0 [Note] InnoDB: Mutexes and rw_locks use Windows interlocked functions
2026-07-02 10:38:40 0 [Note] InnoDB: Uses event mutexes
2026-07-02 10:38:40 0 [Note] InnoDB: Compressed tables use zlib 1.3
2026-07-02 10:38:40 0 [Note] InnoDB: Number of pools: 1
2026-07-02 10:38:40 0 [Note] InnoDB: Using SSE2 crc32 instructions
2026-07-02 10:38:40 0 [Note] InnoDB: Initializing buffer pool, total size = 128M, instances = 1, chunk size = 128M
2026-07-02 10:38:40 0 [Note] InnoDB: Completed initialization of buffer pool
2026-07-02 10:38:40 0 [Note] InnoDB: 128 out of 128 rollback segments are active.
2026-07-02 10:38:40 0 [Note] InnoDB: Creating shared tablespace for temporary tables
2026-07-02 10:38:40 0 [Note] InnoDB: Setting file '.\ibtmp1' size to 12 MB. Physically writing the file full; Please wait ...
2026-07-02 10:38:40 0 [Note] InnoDB: File '.\ibtmp1' size is now 12 MB.
2026-07-02 10:38:40 0 [Note] InnoDB: Waiting for purge to start
2026-07-02 10:38:40 0 [Note] InnoDB: 10.4.32 started; log sequence number 2282198; transaction id 6584
2026-07-02 10:38:40 0 [Note] InnoDB: Loading buffer pool(s) from c:\xampp\mysql\data\ib_buffer_pool
2026-07-02 10:38:40 0 [Note] Plugin 'FEEDBACK' is disabled.
2026-07-02 10:38:40 0 [Note] Server socket created on IP: '::'.
2026-07-02 10:38:40 0 [Note] InnoDB: Buffer pool(s) load completed at 260702 10:38:40
2026-07-02 10:38:40 0 [Note] Reading of all Master_info entries succeeded
2026-07-02 10:38:40 0 [Note] Added new Master_info '' to hash table
2026-07-02 10:38:40 0 [Note] mysql: ready for connections.
Version: '10.4.32-MariaDB'  socket: ''  port: 3306  mariadb.org binary distribution
2026-07-05 12:48:13 39 [Warning] Aborted connection 39 to db: 'e_archive' user: 'root' host: 'localhost' (Got an error reading communication packets)
2026-07-05 14:25:33 41 [Warning] Aborted connection 41 to db: 'e_archive' user: 'root' host: 'localhost' (Got an error reading communication packets)
2026-07-05 14:30:15 43 [Warning] Aborted connection 43 to db: 'e_archive' user: 'root' host: 'localhost' (Got an error reading communication packets)
2026-07-05 14:34:02 45 [Warning] Aborted connection 45 to db: 'e_archive' user: 'root' host: 'localhost' (Got an error reading communication packets)
2026-07-05 15:18:45 47 [Warning] Aborted connection 47 to db: 'e_archive' user: 'root' host: 'localhost' (Got an error reading communication packets)
2026-07-05 16:06:15 49 [Warning] Aborted connection 49 to db: 'e_archive' user: 'root' host: 'localhost' (Got an error reading communication packets)
2026-07-05 16:44:32 51 [Warning] Aborted connection 51 to db: 'e_archive' user: 'root' host: 'localhost' (Got an error reading communication packets)
2026-07-05 21:54:12 53 [Warning] Aborted connection 53 to db: 'e_archive' user: 'root' host: 'localhost' (Got an error reading communication packets)
2026-07-05 22:05:55 55 [Warning] Aborted connection 55 to db: 'e_archive' user: 'root' host: 'localhost' (Got an error reading communication packets)
2026-07-06  8:26:59 57 [Warning] Aborted connection 57 to db: 'e_archive' user: 'root' host: 'localhost' (Got an error reading communication packets)
2026-07-06  8:30:02 59 [Warning] Aborted connection 59 to db: 'e_archive' user: 'root' host: 'localhost' (Got an error reading communication packets)
2026-07-06  8:37:37 61 [Warning] Aborted connection 61 to db: 'e_archive' user: 'root' host: 'localhost' (Got an error reading communication packets)
2026-07-06  9:39:12 0 [Note] Starting MariaDB 10.4.32-MariaDB source revision c4143f909528e3fab0677a28631d10389354c491 as process 5744
2026-07-06  9:39:12 0 [Note] InnoDB: Mutexes and rw_locks use Windows interlocked functions
2026-07-06  9:39:12 0 [Note] InnoDB: Uses event mutexes
2026-07-06  9:39:12 0 [Note] InnoDB: Compressed tables use zlib 1.3
2026-07-06  9:39:12 0 [Note] InnoDB: Number of pools: 1
2026-07-06  9:39:12 0 [Note] InnoDB: Using SSE2 crc32 instructions
2026-07-06  9:39:12 0 [Note] InnoDB: Initializing buffer pool, total size = 128M, instances = 1, chunk size = 128M
2026-07-06  9:39:12 0 [Note] InnoDB: Completed initialization of buffer pool
2026-07-06  9:39:12 0 [Note] InnoDB: Starting crash recovery from checkpoint LSN=2311878
2026-07-06  9:39:13 0 [Note] InnoDB: 128 out of 128 rollback segments are active.
2026-07-06  9:39:13 0 [Note] InnoDB: Removed temporary tablespace data file: "ibtmp1"
2026-07-06  9:39:13 0 [Note] InnoDB: Creating shared tablespace for temporary tables
2026-07-06  9:39:13 0 [Note] InnoDB: Setting file '.\ibtmp1' size to 12 MB. Physically writing the file full; Please wait ...
2026-07-06  9:39:13 0 [Note] InnoDB: File '.\ibtmp1' size is now 12 MB.
2026-07-06  9:39:13 0 [Note] InnoDB: Waiting for purge to start
2026-07-06  9:39:13 0 [Note] InnoDB: 10.4.32 started; log sequence number 2311887; transaction id 7085
2026-07-06  9:39:13 0 [Note] InnoDB: Loading buffer pool(s) from c:\xampp\mysql\data\ib_buffer_pool
2026-07-06  9:39:13 0 [Note] Plugin 'FEEDBACK' is disabled.
2026-07-06  9:39:13 0 [Note] Server socket created on IP: '::'.
2026-07-06  9:39:13 0 [Note] InnoDB: Buffer pool(s) load completed at 260706  9:39:13
2026-07-06  9:39:13 0 [Note] Reading of all Master_info entries succeeded
2026-07-06  9:39:13 0 [Note] Added new Master_info '' to hash table
2026-07-06  9:39:13 0 [Note] mysql: ready for connections.
Version: '10.4.32-MariaDB'  socket: ''  port: 3306  mariadb.org binary distribution
2026-07-06 16:20:34 9 [Warning] Aborted connection 9 to db: 'e_archive' user: 'root' host: 'localhost' (Got an error reading communication packets)
2026-07-06 20:42:30 11 [Warning] Aborted connection 11 to db: 'e_archive' user: 'root' host: 'localhost' (Got an error reading communication packets)
2026-07-06 23:41:41 0 [Note] Starting MariaDB 10.4.32-MariaDB source revision c4143f909528e3fab0677a28631d10389354c491 as process 5696
2026-07-06 23:41:41 0 [Note] InnoDB: Mutexes and rw_locks use Windows interlocked functions
2026-07-06 23:41:41 0 [Note] InnoDB: Uses event mutexes
2026-07-06 23:41:41 0 [Note] InnoDB: Compressed tables use zlib 1.3
2026-07-06 23:41:41 0 [Note] InnoDB: Number of pools: 1
2026-07-06 23:41:41 0 [Note] InnoDB: Using SSE2 crc32 instructions
2026-07-06 23:41:41 0 [Note] InnoDB: Initializing buffer pool, total size = 128M, instances = 1, chunk size = 128M
2026-07-06 23:41:41 0 [Note] InnoDB: Completed initialization of buffer pool
2026-07-06 23:41:41 0 [Note] InnoDB: Starting crash recovery from checkpoint LSN=2336366
2026-07-06 23:41:42 0 [Note] InnoDB: 128 out of 128 rollback segments are active.
2026-07-06 23:41:42 0 [Note] InnoDB: Removed temporary tablespace data file: "ibtmp1"
2026-07-06 23:41:42 0 [Note] InnoDB: Creating shared tablespace for temporary tables
2026-07-06 23:41:42 0 [Note] InnoDB: Setting file '.\ibtmp1' size to 12 MB. Physically writing the file full; Please wait ...
2026-07-06 23:41:42 0 [Note] InnoDB: File '.\ibtmp1' size is now 12 MB.
2026-07-06 23:41:42 0 [Note] InnoDB: Waiting for purge to start
2026-07-06 23:41:42 0 [Note] InnoDB: 10.4.32 started; log sequence number 2336375; transaction id 7268
2026-07-06 23:41:42 0 [Note] InnoDB: Loading buffer pool(s) from c:\xampp\mysql\data\ib_buffer_pool
2026-07-06 23:41:42 0 [Note] Plugin 'FEEDBACK' is disabled.
2026-07-06 23:41:42 0 [Note] Server socket created on IP: '::'.
2026-07-06 23:41:42 0 [Note] InnoDB: Buffer pool(s) load completed at 260706 23:41:42
2026-07-06 23:41:42 0 [Note] Reading of all Master_info entries succeeded
2026-07-06 23:41:42 0 [Note] Added new Master_info '' to hash table
2026-07-06 23:41:42 0 [Note] mysql: ready for connections.
Version: '10.4.32-MariaDB'  socket: ''  port: 3306  mariadb.org binary distribution
2026-07-08  1:57:23 0 [Note] Starting MariaDB 10.4.32-MariaDB source revision c4143f909528e3fab0677a28631d10389354c491 as process 5632
2026-07-08  1:57:24 0 [Note] InnoDB: Mutexes and rw_locks use Windows interlocked functions
2026-07-08  1:57:24 0 [Note] InnoDB: Uses event mutexes
2026-07-08  1:57:24 0 [Note] InnoDB: Compressed tables use zlib 1.3
2026-07-08  1:57:24 0 [Note] InnoDB: Number of pools: 1
2026-07-08  1:57:24 0 [Note] InnoDB: Using SSE2 crc32 instructions
2026-07-08  1:57:24 0 [Note] InnoDB: Initializing buffer pool, total size = 128M, instances = 1, chunk size = 128M
2026-07-08  1:57:24 0 [Note] InnoDB: Completed initialization of buffer pool
2026-07-08  1:57:24 0 [Note] InnoDB: Starting crash recovery from checkpoint LSN=2336987
2026-07-08  1:57:24 0 [Note] InnoDB: 128 out of 128 rollback segments are active.
2026-07-08  1:57:24 0 [Note] InnoDB: Removed temporary tablespace data file: "ibtmp1"
2026-07-08  1:57:24 0 [Note] InnoDB: Creating shared tablespace for temporary tables
2026-07-08  1:57:24 0 [Note] InnoDB: Setting file '.\ibtmp1' size to 12 MB. Physically writing the file full; Please wait ...
2026-07-08  1:57:24 0 [Note] InnoDB: File '.\ibtmp1' size is now 12 MB.
2026-07-08  1:57:24 0 [Note] InnoDB: Waiting for purge to start
2026-07-08  1:57:24 0 [Note] InnoDB: 10.4.32 started; log sequence number 2336996; transaction id 7301
2026-07-08  1:57:24 0 [Note] InnoDB: Loading buffer pool(s) from c:\xampp\mysql\data\ib_buffer_pool
2026-07-08  1:57:24 0 [Note] Plugin 'FEEDBACK' is disabled.
2026-07-08  1:57:24 0 [Note] Server socket created on IP: '::'.
2026-07-08  1:57:24 0 [Note] InnoDB: Buffer pool(s) load completed at 260708  1:57:24
2026-07-08  1:57:25 0 [Note] Reading of all Master_info entries succeeded
2026-07-08  1:57:25 0 [Note] Added new Master_info '' to hash table
2026-07-08  1:57:25 0 [Note] mysql: ready for connections.
Version: '10.4.32-MariaDB'  socket: ''  port: 3306  mariadb.org binary distribution
2026-07-09 21:04:41 9 [Warning] Aborted connection 9 to db: 'e_archive' user: 'root' host: 'localhost' (Got an error reading communication packets)
2026-07-11 14:01:57 0 [Note] mysql (initiated by: unknown): Normal shutdown
2026-07-11 14:01:57 0 [Note] Event Scheduler: Purging the queue. 0 events
2026-07-11 14:01:57 0 [Note] InnoDB: FTS optimize thread exiting.
2026-07-11 14:01:57 0 [Note] InnoDB: Starting shutdown...
2026-07-11 14:01:57 0 [Note] InnoDB: Dumping buffer pool(s) to c:\xampp\mysql\data\ib_buffer_pool
2026-07-11 14:01:57 0 [Note] InnoDB: Buffer pool(s) dump completed at 260711 14:01:57
2026-07-11 14:01:58 0 [Note] InnoDB: Removed temporary tablespace data file: "ibtmp1"
2026-07-11 14:01:58 0 [Note] InnoDB: Shutdown completed; log sequence number 2434694; transaction id 7690
2026-07-11 14:01:58 0 [Note] mysql: Shutdown complete

2026-07-11 14:02:28 0 [Note] Starting MariaDB 10.4.32-MariaDB source revision c4143f909528e3fab0677a28631d10389354c491 as process 5188
2026-07-11 14:02:28 0 [Note] InnoDB: Mutexes and rw_locks use Windows interlocked functions
2026-07-11 14:02:28 0 [Note] InnoDB: Uses event mutexes
2026-07-11 14:02:28 0 [Note] InnoDB: Compressed tables use zlib 1.3
2026-07-11 14:02:28 0 [Note] InnoDB: Number of pools: 1
2026-07-11 14:02:28 0 [Note] InnoDB: Using SSE2 crc32 instructions
2026-07-11 14:02:28 0 [Note] InnoDB: Initializing buffer pool, total size = 128M, instances = 1, chunk size = 128M
2026-07-11 14:02:28 0 [Note] InnoDB: Completed initialization of buffer pool
2026-07-11 14:02:29 0 [Note] InnoDB: 128 out of 128 rollback segments are active.
2026-07-11 14:02:29 0 [Note] InnoDB: Creating shared tablespace for temporary tables
2026-07-11 14:02:29 0 [Note] InnoDB: Setting file '.\ibtmp1' size to 12 MB. Physically writing the file full; Please wait ...
2026-07-11 14:02:29 0 [Note] InnoDB: File '.\ibtmp1' size is now 12 MB.
2026-07-11 14:02:29 0 [Note] InnoDB: Waiting for purge to start
2026-07-11 14:02:29 0 [Note] InnoDB: 10.4.32 started; log sequence number 2434694; transaction id 7691
2026-07-11 14:02:29 0 [Note] InnoDB: Loading buffer pool(s) from c:\xampp\mysql\data\ib_buffer_pool
2026-07-11 14:02:29 0 [Note] Plugin 'FEEDBACK' is disabled.
2026-07-11 14:02:29 0 [Note] Server socket created on IP: '::'.
2026-07-11 14:02:29 0 [Note] InnoDB: Buffer pool(s) load completed at 260711 14:02:29
2026-07-11 14:02:29 0 [Note] Reading of all Master_info entries succeeded
2026-07-11 14:02:29 0 [Note] Added new Master_info '' to hash table
2026-07-11 14:02:29 0 [Note] mysql: ready for connections.
Version: '10.4.32-MariaDB'  socket: ''  port: 3306  mariadb.org binary distribution
2026-07-11 19:06:37 0 [Note] Starting MariaDB 10.4.32-MariaDB source revision c4143f909528e3fab0677a28631d10389354c491 as process 6088
2026-07-11 19:06:38 0 [Note] InnoDB: Mutexes and rw_locks use Windows interlocked functions
2026-07-11 19:06:38 0 [Note] InnoDB: Uses event mutexes
2026-07-11 19:06:38 0 [Note] InnoDB: Compressed tables use zlib 1.3
2026-07-11 19:06:38 0 [Note] InnoDB: Number of pools: 1
2026-07-11 19:06:38 0 [Note] InnoDB: Using SSE2 crc32 instructions
2026-07-11 19:06:38 0 [Note] InnoDB: Initializing buffer pool, total size = 128M, instances = 1, chunk size = 128M
2026-07-11 19:06:38 0 [Note] InnoDB: Completed initialization of buffer pool
2026-07-11 19:06:38 0 [Note] InnoDB: Starting crash recovery from checkpoint LSN=2445234
2026-07-11 19:06:38 0 [Note] InnoDB: 128 out of 128 rollback segments are active.
2026-07-11 19:06:38 0 [Note] InnoDB: Removed temporary tablespace data file: "ibtmp1"
2026-07-11 19:06:38 0 [Note] InnoDB: Creating shared tablespace for temporary tables
2026-07-11 19:06:38 0 [Note] InnoDB: Setting file '.\ibtmp1' size to 12 MB. Physically writing the file full; Please wait ...
2026-07-11 19:06:38 0 [Note] InnoDB: File '.\ibtmp1' size is now 12 MB.
2026-07-11 19:06:38 0 [Note] InnoDB: Waiting for purge to start
2026-07-11 19:06:38 0 [Note] InnoDB: 10.4.32 started; log sequence number 2445243; transaction id 7786
2026-07-11 19:06:38 0 [Note] InnoDB: Loading buffer pool(s) from c:\xampp\mysql\data\ib_buffer_pool
2026-07-11 19:06:38 0 [Note] Plugin 'FEEDBACK' is disabled.
2026-07-11 19:06:38 0 [Note] Server socket created on IP: '::'.
2026-07-11 19:06:38 0 [Note] InnoDB: Buffer pool(s) load completed at 260711 19:06:38
2026-07-11 19:06:38 0 [Note] Reading of all Master_info entries succeeded
2026-07-11 19:06:38 0 [Note] Added new Master_info '' to hash table
2026-07-11 19:06:38 0 [Note] mysql: ready for connections.
Version: '10.4.32-MariaDB'  socket: ''  port: 3306  mariadb.org binary distribution
2026-07-11 20:36:07 9 [Warning] Aborted connection 9 to db: 'e_archive' user: 'root' host: 'localhost' (Got an error reading communication packets)
2026-07-11 21:07:12 11 [Warning] Aborted connection 11 to db: 'e_archive' user: 'root' host: 'localhost' (Got an error reading communication packets)
2026-07-11 21:09:56 13 [Warning] Aborted connection 13 to db: 'e_archive' user: 'root' host: 'localhost' (Got an error reading communication packets)
2026-07-13 13:44:42 0 [Note] Starting MariaDB 10.4.32-MariaDB source revision c4143f909528e3fab0677a28631d10389354c491 as process 5936
2026-07-13 13:44:42 0 [Note] InnoDB: Mutexes and rw_locks use Windows interlocked functions
2026-07-13 13:44:42 0 [Note] InnoDB: Uses event mutexes
2026-07-13 13:44:42 0 [Note] InnoDB: Compressed tables use zlib 1.3
2026-07-13 13:44:42 0 [Note] InnoDB: Number of pools: 1
2026-07-13 13:44:42 0 [Note] InnoDB: Using SSE2 crc32 instructions
2026-07-13 13:44:42 0 [Note] InnoDB: Initializing buffer pool, total size = 128M, instances = 1, chunk size = 128M
2026-07-13 13:44:42 0 [Note] InnoDB: Completed initialization of buffer pool
2026-07-13 13:44:42 0 [Note] InnoDB: Starting crash recovery from checkpoint LSN=2472880
2026-07-13 13:44:43 0 [Note] InnoDB: 128 out of 128 rollback segments are active.
2026-07-13 13:44:43 0 [Note] InnoDB: Removed temporary tablespace data file: "ibtmp1"
2026-07-13 13:44:43 0 [Note] InnoDB: Creating shared tablespace for temporary tables
2026-07-13 13:44:43 0 [Note] InnoDB: Setting file '.\ibtmp1' size to 12 MB. Physically writing the file full; Please wait ...
2026-07-13 13:44:43 0 [Note] InnoDB: File '.\ibtmp1' size is now 12 MB.
2026-07-13 13:44:43 0 [Note] InnoDB: Waiting for purge to start
2026-07-13 13:44:43 0 [Note] InnoDB: 10.4.32 started; log sequence number 2472889; transaction id 7971
2026-07-13 13:44:43 0 [Note] InnoDB: Loading buffer pool(s) from c:\xampp\mysql\data\ib_buffer_pool
2026-07-13 13:44:43 0 [Note] Plugin 'FEEDBACK' is disabled.
2026-07-13 13:44:43 0 [Note] Server socket created on IP: '::'.
2026-07-13 13:44:43 0 [Note] InnoDB: Buffer pool(s) load completed at 260713 13:44:43
2026-07-13 13:44:43 0 [Note] Reading of all Master_info entries succeeded
2026-07-13 13:44:43 0 [Note] Added new Master_info '' to hash table
2026-07-13 13:44:43 0 [Note] mysql: ready for connections.
Version: '10.4.32-MariaDB'  socket: ''  port: 3306  mariadb.org binary distribution
2026-07-13 14:32:22 9 [Warning] Aborted connection 9 to db: 'e_archive' user: 'root' host: 'localhost' (Got an error reading communication packets)
2026-07-13 14:35:38 11 [Warning] Aborted connection 11 to db: 'e_archive' user: 'root' host: 'localhost' (Got an error reading communication packets)
2026-07-13 14:43:20 13 [Warning] Aborted connection 13 to db: 'e_archive' user: 'root' host: 'localhost' (Got an error reading communication packets)
2026-07-13 14:55:02 15 [Warning] Aborted connection 15 to db: 'e_archive' user: 'root' host: 'localhost' (Got an error reading communication packets)
2026-07-13 14:58:38 17 [Warning] Aborted connection 17 to db: 'e_archive' user: 'root' host: 'localhost' (Got an error reading communication packets)
2026-07-13 15:05:01 19 [Warning] Aborted connection 19 to db: 'e_archive' user: 'root' host: 'localhost' (Got an error reading communication packets)
2026-07-13 15:16:15 21 [Warning] Aborted connection 21 to db: 'e_archive' user: 'root' host: 'localhost' (Got an error reading communication packets)
2026-07-13 15:21:21 23 [Warning] Aborted connection 23 to db: 'e_archive' user: 'root' host: 'localhost' (Got an error reading communication packets)
2026-07-13 16:12:16 25 [Warning] Aborted connection 25 to db: 'e_archive' user: 'root' host: 'localhost' (Got an error reading communication packets)
2026-07-14  1:15:57 61 [Warning] Aborted connection 61 to db: 'e_archive' user: 'root' host: 'localhost' (Got an error reading communication packets)
2026-07-14 22:31:05 79 [Warning] Aborted connection 79 to db: 'e_archive' user: 'root' host: 'localhost' (Got an error reading communication packets)
2026-07-14 22:54:37 81 [Warning] Aborted connection 81 to db: 'e_archive' user: 'root' host: 'localhost' (Got an error reading communication packets)
2026-07-14 23:21:02 86 [Warning] Aborted connection 86 to db: 'e_archive' user: 'root' host: 'localhost' (Got an error reading communication packets)
2026-07-14 23:21:02 83 [Warning] Aborted connection 83 to db: 'e_archive' user: 'root' host: 'localhost' (Got an error reading communication packets)
2026-07-14 23:21:02 84 [Warning] Aborted connection 84 to db: 'e_archive' user: 'root' host: 'localhost' (Got an error reading communication packets)
2026-07-14 23:21:02 85 [Warning] Aborted connection 85 to db: 'e_archive' user: 'root' host: 'localhost' (Got an error reading communication packets)
2026-07-14 23:25:48 91 [Warning] Aborted connection 91 to db: 'e_archive' user: 'root' host: 'localhost' (Got an error reading communication packets)
2026-07-14 23:25:48 90 [Warning] Aborted connection 90 to db: 'e_archive' user: 'root' host: 'localhost' (Got an error reading communication packets)
2026-07-14 23:25:48 89 [Warning] Aborted connection 89 to db: 'e_archive' user: 'root' host: 'localhost' (Got an error reading communication packets)
2026-07-14 23:25:48 88 [Warning] Aborted connection 88 to db: 'e_archive' user: 'root' host: 'localhost' (Got an error reading communication packets)
2026-07-14 23:32:29 94 [Warning] Aborted connection 94 to db: 'e_archive' user: 'root' host: 'localhost' (Got an error reading communication packets)
2026-07-14 23:32:29 95 [Warning] Aborted connection 95 to db: 'e_archive' user: 'root' host: 'localhost' (Got an error reading communication packets)
2026-07-14 23:32:29 93 [Warning] Aborted connection 93 to db: 'e_archive' user: 'root' host: 'localhost' (Got an error reading communication packets)
2026-07-14 23:32:29 96 [Warning] Aborted connection 96 to db: 'e_archive' user: 'root' host: 'localhost' (Got an error reading communication packets)
2026-07-14 23:40:06 98 [Warning] Aborted connection 98 to db: 'e_archive' user: 'root' host: 'localhost' (Got an error reading communication packets)
2026-07-14 23:40:06 101 [Warning] Aborted connection 101 to db: 'e_archive' user: 'root' host: 'localhost' (Got an error reading communication packets)
2026-07-14 23:40:06 99 [Warning] Aborted connection 99 to db: 'e_archive' user: 'root' host: 'localhost' (Got an error reading communication packets)
2026-07-14 23:40:06 100 [Warning] Aborted connection 100 to db: 'e_archive' user: 'root' host: 'localhost' (Got an error reading communication packets)
2026-07-15 13:30:52 105 [Warning] Aborted connection 105 to db: 'e_archive' user: 'root' host: 'localhost' (Got an error reading communication packets)
2026-07-15 13:30:52 106 [Warning] Aborted connection 106 to db: 'e_archive' user: 'root' host: 'localhost' (Got an error reading communication packets)
2026-07-15 13:30:52 107 [Warning] Aborted connection 107 to db: 'e_archive' user: 'root' host: 'localhost' (Got an error reading communication packets)
2026-07-15 13:30:52 108 [Warning] Aborted connection 108 to db: 'e_archive' user: 'root' host: 'localhost' (Got an error reading communication packets)
2026-07-15 19:59:22 112 [Warning] Aborted connection 112 to db: 'e_archive' user: 'root' host: 'localhost' (Got an error reading communication packets)
2026-07-15 19:59:22 113 [Warning] Aborted connection 113 to db: 'e_archive' user: 'root' host: 'localhost' (Got an error reading communication packets)
2026-07-15 19:59:22 110 [Warning] Aborted connection 110 to db: 'e_archive' user: 'root' host: 'localhost' (Got an error reading communication packets)
2026-07-15 19:59:22 111 [Warning] Aborted connection 111 to db: 'e_archive' user: 'root' host: 'localhost' (Got an error reading communication packets)
2026-07-15 20:49:59 118 [Warning] Aborted connection 118 to db: 'e_archive' user: 'root' host: 'localhost' (Got an error reading communication packets)
2026-07-15 20:49:59 115 [Warning] Aborted connection 115 to db: 'e_archive' user: 'root' host: 'localhost' (Got an error reading communication packets)
2026-07-15 20:49:59 116 [Warning] Aborted connection 116 to db: 'e_archive' user: 'root' host: 'localhost' (Got an error reading communication packets)
2026-07-15 20:49:59 117 [Warning] Aborted connection 117 to db: 'e_archive' user: 'root' host: 'localhost' (Got an error reading communication packets)
2026-07-15 21:41:40 0 [Note] Starting MariaDB 10.4.32-MariaDB source revision c4143f909528e3fab0677a28631d10389354c491 as process 6044
2026-07-15 21:41:40 0 [Note] InnoDB: Mutexes and rw_locks use Windows interlocked functions
2026-07-15 21:41:40 0 [Note] InnoDB: Uses event mutexes
2026-07-15 21:41:40 0 [Note] InnoDB: Compressed tables use zlib 1.3
2026-07-15 21:41:40 0 [Note] InnoDB: Number of pools: 1
2026-07-15 21:41:40 0 [Note] InnoDB: Using SSE2 crc32 instructions
2026-07-15 21:41:40 0 [Note] InnoDB: Initializing buffer pool, total size = 128M, instances = 1, chunk size = 128M
2026-07-15 21:41:40 0 [Note] InnoDB: Completed initialization of buffer pool
2026-07-15 21:41:40 0 [Note] InnoDB: Starting crash recovery from checkpoint LSN=2633692
2026-07-15 21:41:41 0 [Note] InnoDB: 128 out of 128 rollback segments are active.
2026-07-15 21:41:41 0 [Note] InnoDB: Removed temporary tablespace data file: "ibtmp1"
2026-07-15 21:41:41 0 [Note] InnoDB: Creating shared tablespace for temporary tables
2026-07-15 21:41:41 0 [Note] InnoDB: Setting file '.\ibtmp1' size to 12 MB. Physically writing the file full; Please wait ...
2026-07-15 21:41:41 0 [Note] InnoDB: File '.\ibtmp1' size is now 12 MB.
2026-07-15 21:41:41 0 [Note] InnoDB: Waiting for purge to start
2026-07-15 21:41:41 0 [Note] InnoDB: 10.4.32 started; log sequence number 2633701; transaction id 8943
2026-07-15 21:41:41 0 [Note] InnoDB: Loading buffer pool(s) from c:\xampp\mysql\data\ib_buffer_pool
2026-07-15 21:41:41 0 [Note] Plugin 'FEEDBACK' is disabled.
2026-07-15 21:41:41 0 [Note] Server socket created on IP: '::'.
2026-07-15 21:41:41 0 [Note] InnoDB: Buffer pool(s) load completed at 260715 21:41:41
2026-07-15 21:41:41 0 [Note] Reading of all Master_info entries succeeded
2026-07-15 21:41:41 0 [Note] Added new Master_info '' to hash table
2026-07-15 21:41:41 0 [Note] mysql: ready for connections.
Version: '10.4.32-MariaDB'  socket: ''  port: 3306  mariadb.org binary distribution
2026-07-15 22:39:45 109 [Warning] Access denied for user 'roadsense_app'@'localhost' (using password: YES)
2026-07-15 23:04:12 207 [Warning] Aborted connection 207 to db: 'roadsense' user: 'roadsense_app' host: 'localhost' (Got an error reading communication packets)
2026-07-15 23:35:37 269 [Warning] Access denied for user 'root'@'localhost' (using password: YES)
2026-07-16  0:09:32 296 [Warning] Aborted connection 296 to db: 'hazard_hero' user: 'root' host: 'localhost' (Got an error reading communication packets)
2026-07-16  0:13:48 301 [Warning] Aborted connection 301 to db: 'hazard_hero' user: 'root' host: 'localhost' (Got an error reading communication packets)
2026-07-16  0:14:19 300 [Warning] Aborted connection 300 to db: 'hazard_hero' user: 'root' host: 'localhost' (Got an error reading communication packets)
2026-07-16  0:14:19 298 [Warning] Aborted connection 298 to db: 'hazard_hero' user: 'root' host: 'localhost' (Got an error reading communication packets)
2026-07-16  0:19:12 302 [Warning] Aborted connection 302 to db: 'hazard_hero' user: 'root' host: 'localhost' (Got an error reading communication packets)
2026-07-16  0:19:12 339 [Warning] Aborted connection 339 to db: 'hazard_hero' user: 'root' host: 'localhost' (Got an error reading communication packets)
2026-07-16  0:19:12 341 [Warning] Aborted connection 341 to db: 'hazard_hero' user: 'root' host: 'localhost' (Got an error reading communication packets)
2026-07-16  0:19:12 340 [Warning] Aborted connection 340 to db: 'hazard_hero' user: 'root' host: 'localhost' (Got an error reading communication packets)
2026-07-16  0:19:12 338 [Warning] Aborted connection 338 to db: 'hazard_hero' user: 'root' host: 'localhost' (Got an error reading communication packets)
2026-07-16  0:40:16 456 [Warning] Aborted connection 456 to db: 'hazard_hero' user: 'root' host: 'localhost' (Got an error reading communication packets)
2026-07-16  0:41:17 475 [Warning] Aborted connection 475 to db: 'hazard_hero' user: 'root' host: 'localhost' (Got an error reading communication packets)
2026-07-16  0:42:14 478 [Warning] Aborted connection 478 to db: 'hazard_hero' user: 'root' host: 'localhost' (Got an error reading communication packets)
2026-07-16  0:42:14 351 [Warning] Aborted connection 351 to db: 'hazard_hero' user: 'root' host: 'localhost' (Got an error reading communication packets)
2026-07-16  0:42:14 359 [Warning] Aborted connection 359 to db: 'hazard_hero' user: 'root' host: 'localhost' (Got an error reading communication packets)
2026-07-16  0:42:14 358 [Warning] Aborted connection 358 to db: 'hazard_hero' user: 'root' host: 'localhost' (Got an error reading communication packets)
2026-07-16  0:42:14 483 [Warning] Aborted connection 483 to db: 'hazard_hero' user: 'root' host: 'localhost' (Got an error reading communication packets)
2026-07-16  0:42:14 481 [Warning] Aborted connection 481 to db: 'hazard_hero' user: 'root' host: 'localhost' (Got an error reading communication packets)
2026-07-16  0:42:14 482 [Warning] Aborted connection 482 to db: 'hazard_hero' user: 'root' host: 'localhost' (Got an error reading communication packets)
2026-07-16  0:42:14 428 [Warning] Aborted connection 428 to db: 'hazard_hero' user: 'root' host: 'localhost' (Got an error reading communication packets)
2026-07-16  0:42:14 356 [Warning] Aborted connection 356 to db: 'hazard_hero' user: 'root' host: 'localhost' (Got an error reading communication packets)
2026-07-16  0:42:14 349 [Warning] Aborted connection 349 to db: 'hazard_hero' user: 'root' host: 'localhost' (Got an error reading communication packets)
2026-07-16  0:42:14 476 [Warning] Aborted connection 476 to db: 'hazard_hero' user: 'root' host: 'localhost' (Got an error reading communication packets)
2026-07-16  0:42:14 357 [Warning] Aborted connection 357 to db: 'hazard_hero' user: 'root' host: 'localhost' (Got an error reading communication packets)
2026-07-16  0:42:14 342 [Warning] Aborted connection 342 to db: 'hazard_hero' user: 'root' host: 'localhost' (Got an error reading communication packets)
2026-07-16  0:42:14 352 [Warning] Aborted connection 352 to db: 'hazard_hero' user: 'root' host: 'localhost' (Got an error reading communication packets)
2026-07-16  0:42:14 350 [Warning] Aborted connection 350 to db: 'hazard_hero' user: 'root' host: 'localhost' (Got an error reading communication packets)
2026-07-16  0:42:14 480 [Warning] Aborted connection 480 to db: 'hazard_hero' user: 'root' host: 'localhost' (Got an error reading communication packets)
2026-07-16  0:42:14 485 [Warning] Aborted connection 485 to db: 'hazard_hero' user: 'root' host: 'localhost' (Got an error reading communication packets)
2026-07-16  0:42:14 484 [Warning] Aborted connection 484 to db: 'hazard_hero' user: 'root' host: 'localhost' (Got an error reading communication packets)
2026-07-16  0:57:15 486 [Warning] Aborted connection 486 to db: 'hazard_hero' user: 'root' host: 'localhost' (Got an error reading communication packets)
2026-07-16  0:57:15 487 [Warning] Aborted connection 487 to db: 'hazard_hero' user: 'root' host: 'localhost' (Got an error reading communication packets)
2026-07-16  9:20:57 224 [Warning] Aborted connection 224 to db: 'roadsense' user: 'roadsense_app' host: 'localhost' (Got timeout reading communication packets)
2026-07-16  9:21:01 171 [Warning] Aborted connection 171 to db: 'roadsense' user: 'roadsense_app' host: 'localhost' (Got timeout reading communication packets)
2026-07-16  9:21:01 512 [Warning] Aborted connection 512 to db: 'hazard_hero' user: 'root' host: 'localhost' (Got timeout reading communication packets)
2026-07-16  9:21:01 511 [Warning] Aborted connection 511 to db: 'hazard_hero' user: 'root' host: 'localhost' (Got timeout reading communication packets)
2026-07-16  9:21:02 236 [Warning] Aborted connection 236 to db: 'roadsense' user: 'roadsense_app' host: 'localhost' (Got timeout reading communication packets)
2026-07-16  9:21:02 510 [Warning] Aborted connection 510 to db: 'hazard_hero' user: 'root' host: 'localhost' (Got timeout reading communication packets)
2026-07-16  9:21:02 238 [Warning] Aborted connection 238 to db: 'roadsense' user: 'roadsense_app' host: 'localhost' (Got timeout reading communication packets)
2026-07-16  9:21:02 234 [Warning] Aborted connection 234 to db: 'roadsense' user: 'roadsense_app' host: 'localhost' (Got timeout reading communication packets)
2026-07-16  9:21:02 237 [Warning] Aborted connection 237 to db: 'roadsense' user: 'roadsense_app' host: 'localhost' (Got timeout reading communication packets)
2026-07-16  9:21:03 235 [Warning] Aborted connection 235 to db: 'roadsense' user: 'roadsense_app' host: 'localhost' (Got timeout reading communication packets)
2026-07-16 12:49:29 0 [Note] mysql (initiated by: unknown): Normal shutdown
2026-07-16 12:49:29 0 [Note] Event Scheduler: Purging the queue. 0 events
2026-07-16 12:49:29 0 [Note] InnoDB: FTS optimize thread exiting.
2026-07-16 12:49:29 0 [Note] InnoDB: Starting shutdown...
2026-07-16 12:49:29 0 [Note] InnoDB: Dumping buffer pool(s) to c:\xampp\mysql\data\ib_buffer_pool
2026-07-16 12:49:29 0 [Note] InnoDB: Instance 0, restricted to 2006 pages due to innodb_buf_pool_dump_pct=25
2026-07-16 12:49:29 0 [Note] InnoDB: Buffer pool(s) dump completed at 260716 12:49:29
2026-07-16 12:49:30 0 [Note] InnoDB: Removed temporary tablespace data file: "ibtmp1"
2026-07-16 12:49:30 0 [Note] InnoDB: Shutdown completed; log sequence number 23277828; transaction id 29495
2026-07-16 12:49:30 0 [Note] mysql: Shutdown complete

2026-07-16 12:49:58 0 [Note] Starting MariaDB 10.4.32-MariaDB source revision c4143f909528e3fab0677a28631d10389354c491 as process 5620
2026-07-16 12:49:58 0 [Note] InnoDB: Mutexes and rw_locks use Windows interlocked functions
2026-07-16 12:49:58 0 [Note] InnoDB: Uses event mutexes
2026-07-16 12:49:58 0 [Note] InnoDB: Compressed tables use zlib 1.3
2026-07-16 12:49:58 0 [Note] InnoDB: Number of pools: 1
2026-07-16 12:49:58 0 [Note] InnoDB: Using SSE2 crc32 instructions
2026-07-16 12:49:58 0 [Note] InnoDB: Initializing buffer pool, total size = 128M, instances = 1, chunk size = 128M
2026-07-16 12:49:58 0 [Note] InnoDB: Completed initialization of buffer pool
2026-07-16 12:49:59 0 [Note] InnoDB: 128 out of 128 rollback segments are active.
2026-07-16 12:49:59 0 [Note] InnoDB: Creating shared tablespace for temporary tables
2026-07-16 12:49:59 0 [Note] InnoDB: Setting file '.\ibtmp1' size to 12 MB. Physically writing the file full; Please wait ...
2026-07-16 12:49:59 0 [Note] InnoDB: File '.\ibtmp1' size is now 12 MB.
2026-07-16 12:49:59 0 [Note] InnoDB: Waiting for purge to start
2026-07-16 12:49:59 0 [Note] InnoDB: 10.4.32 started; log sequence number 23277828; transaction id 29496
2026-07-16 12:49:59 0 [Note] InnoDB: Loading buffer pool(s) from c:\xampp\mysql\data\ib_buffer_pool
2026-07-16 12:49:59 0 [Note] Plugin 'FEEDBACK' is disabled.
2026-07-16 12:49:59 0 [Note] Server socket created on IP: '::'.
2026-07-16 12:49:59 0 [Note] InnoDB: Buffer pool(s) load completed at 260716 12:49:59
2026-07-16 12:49:59 0 [Note] Reading of all Master_info entries succeeded
2026-07-16 12:49:59 0 [Note] Added new Master_info '' to hash table
2026-07-16 12:49:59 0 [Note] mysql: ready for connections.
Version: '10.4.32-MariaDB'  socket: ''  port: 3306  mariadb.org binary distribution
2026-07-16 17:32:24 150 [Warning] Aborted connection 150 to db: 'roadsense' user: 'roadsense_app' host: 'localhost' (Got an error reading communication packets)
2026-07-16 19:55:50 343 [Warning] Aborted connection 343 to db: 'roadsense' user: 'roadsense_app' host: 'localhost' (Got an error reading communication packets)
2026-07-16 19:55:50 344 [Warning] Aborted connection 344 to db: 'roadsense' user: 'roadsense_app' host: 'localhost' (Got an error reading communication packets)
2026-07-16 19:55:50 342 [Warning] Aborted connection 342 to db: 'roadsense' user: 'roadsense_app' host: 'localhost' (Got an error reading communication packets)
2026-07-16 19:55:50 345 [Warning] Aborted connection 345 to db: 'roadsense' user: 'roadsense_app' host: 'localhost' (Got an error reading communication packets)
2026-07-16 22:36:06 0 [Note] Starting MariaDB 10.4.32-MariaDB source revision c4143f909528e3fab0677a28631d10389354c491 as process 6436
2026-07-16 22:36:06 0 [Note] InnoDB: Mutexes and rw_locks use Windows interlocked functions
2026-07-16 22:36:06 0 [Note] InnoDB: Uses event mutexes
2026-07-16 22:36:06 0 [Note] InnoDB: Compressed tables use zlib 1.3
2026-07-16 22:36:06 0 [Note] InnoDB: Number of pools: 1
2026-07-16 22:36:06 0 [Note] InnoDB: Using SSE2 crc32 instructions
2026-07-16 22:36:06 0 [Note] InnoDB: Initializing buffer pool, total size = 128M, instances = 1, chunk size = 128M
2026-07-16 22:36:06 0 [Note] InnoDB: Completed initialization of buffer pool
2026-07-16 22:36:06 0 [Note] InnoDB: Starting crash recovery from checkpoint LSN=91282449
2026-07-16 22:36:07 0 [Note] InnoDB: 128 out of 128 rollback segments are active.
2026-07-16 22:36:07 0 [Note] InnoDB: Removed temporary tablespace data file: "ibtmp1"
2026-07-16 22:36:07 0 [Note] InnoDB: Creating shared tablespace for temporary tables
2026-07-16 22:36:07 0 [Note] InnoDB: Setting file '.\ibtmp1' size to 12 MB. Physically writing the file full; Please wait ...
2026-07-16 22:36:07 0 [Note] InnoDB: File '.\ibtmp1' size is now 12 MB.
2026-07-16 22:36:07 0 [Note] InnoDB: Waiting for purge to start
2026-07-16 22:36:07 0 [Note] InnoDB: 10.4.32 started; log sequence number 91282458; transaction id 100772
2026-07-16 22:36:07 0 [Note] InnoDB: Loading buffer pool(s) from c:\xampp\mysql\data\ib_buffer_pool
2026-07-16 22:36:07 0 [Note] Plugin 'FEEDBACK' is disabled.
2026-07-16 22:36:07 0 [Note] Server socket created on IP: '::'.
2026-07-16 22:36:07 0 [Note] Reading of all Master_info entries succeeded
2026-07-16 22:36:07 0 [Note] Added new Master_info '' to hash table
2026-07-16 22:36:07 0 [Note] mysql: ready for connections.
Version: '10.4.32-MariaDB'  socket: ''  port: 3306  mariadb.org binary distribution
2026-07-16 22:36:07 0 [Note] InnoDB: Buffer pool(s) load completed at 260716 22:36:07
2026-07-16 22:36:56 0 [Note] mysql (initiated by: unknown): Normal shutdown
2026-07-16 22:36:56 0 [Note] Event Scheduler: Purging the queue. 0 events
2026-07-16 22:36:56 0 [Note] InnoDB: FTS optimize thread exiting.
2026-07-16 22:36:56 0 [Note] InnoDB: Starting shutdown...
2026-07-16 22:36:56 0 [Note] InnoDB: Dumping buffer pool(s) to c:\xampp\mysql\data\ib_buffer_pool
2026-07-16 22:36:56 0 [Note] InnoDB: Buffer pool(s) dump completed at 260716 22:36:56
2026-07-16 22:36:56 0 [Note] InnoDB: Removed temporary tablespace data file: "ibtmp1"
2026-07-16 22:36:56 0 [Note] InnoDB: Shutdown completed; log sequence number 91282476; transaction id 100773
2026-07-16 22:36:56 0 [Note] mysql: Shutdown complete

2026-07-16 22:37:31 0 [Note] Starting MariaDB 10.4.32-MariaDB source revision c4143f909528e3fab0677a28631d10389354c491 as process 5784
2026-07-16 22:37:31 0 [Note] InnoDB: Mutexes and rw_locks use Windows interlocked functions
2026-07-16 22:37:31 0 [Note] InnoDB: Uses event mutexes
2026-07-16 22:37:31 0 [Note] InnoDB: Compressed tables use zlib 1.3
2026-07-16 22:37:31 0 [Note] InnoDB: Number of pools: 1
2026-07-16 22:37:31 0 [Note] InnoDB: Using SSE2 crc32 instructions
2026-07-16 22:37:31 0 [Note] InnoDB: Initializing buffer pool, total size = 128M, instances = 1, chunk size = 128M
2026-07-16 22:37:31 0 [Note] InnoDB: Completed initialization of buffer pool
2026-07-16 22:37:32 0 [Note] InnoDB: 128 out of 128 rollback segments are active.
2026-07-16 22:37:32 0 [Note] InnoDB: Creating shared tablespace for temporary tables
2026-07-16 22:37:32 0 [Note] InnoDB: Setting file '.\ibtmp1' size to 12 MB. Physically writing the file full; Please wait ...
2026-07-16 22:37:32 0 [Note] InnoDB: File '.\ibtmp1' size is now 12 MB.
2026-07-16 22:37:32 0 [Note] InnoDB: Waiting for purge to start
2026-07-16 22:37:32 0 [Note] InnoDB: 10.4.32 started; log sequence number 91282476; transaction id 100772
2026-07-16 22:37:32 0 [Note] InnoDB: Loading buffer pool(s) from c:\xampp\mysql\data\ib_buffer_pool
2026-07-16 22:37:32 0 [Note] Plugin 'FEEDBACK' is disabled.
2026-07-16 22:37:32 0 [Note] Server socket created on IP: '::'.
2026-07-16 22:37:32 0 [Note] Reading of all Master_info entries succeeded
2026-07-16 22:37:32 0 [Note] Added new Master_info '' to hash table
2026-07-16 22:37:32 0 [Note] mysql: ready for connections.
Version: '10.4.32-MariaDB'  socket: ''  port: 3306  mariadb.org binary distribution
2026-07-16 22:37:32 0 [Note] InnoDB: Buffer pool(s) load completed at 260716 22:37:32
2026-07-16 22:37:41 0 [Note] mysql (initiated by: unknown): Normal shutdown
2026-07-16 22:37:41 0 [Note] Event Scheduler: Purging the queue. 0 events
2026-07-16 22:37:41 0 [Note] InnoDB: FTS optimize thread exiting.
2026-07-16 22:37:41 0 [Note] InnoDB: Starting shutdown...
2026-07-16 22:37:41 0 [Note] InnoDB: Dumping buffer pool(s) to c:\xampp\mysql\data\ib_buffer_pool
2026-07-16 22:37:41 0 [Note] InnoDB: Buffer pool(s) dump completed at 260716 22:37:41
2026-07-16 22:37:42 0 [Note] InnoDB: Removed temporary tablespace data file: "ibtmp1"
2026-07-16 22:37:42 0 [Note] InnoDB: Shutdown completed; log sequence number 91282485; transaction id 100773
2026-07-16 22:37:42 0 [Note] mysql: Shutdown complete

2026-07-16 22:38:12 0 [Note] Starting MariaDB 10.4.32-MariaDB source revision c4143f909528e3fab0677a28631d10389354c491 as process 5664
2026-07-16 22:38:12 0 [Note] InnoDB: Mutexes and rw_locks use Windows interlocked functions
2026-07-16 22:38:12 0 [Note] InnoDB: Uses event mutexes
2026-07-16 22:38:12 0 [Note] InnoDB: Compressed tables use zlib 1.3
2026-07-16 22:38:12 0 [Note] InnoDB: Number of pools: 1
2026-07-16 22:38:12 0 [Note] InnoDB: Using SSE2 crc32 instructions
2026-07-16 22:38:12 0 [Note] InnoDB: Initializing buffer pool, total size = 128M, instances = 1, chunk size = 128M
2026-07-16 22:38:12 0 [Note] InnoDB: Completed initialization of buffer pool
2026-07-16 22:38:12 0 [Note] InnoDB: 128 out of 128 rollback segments are active.
2026-07-16 22:38:12 0 [Note] InnoDB: Creating shared tablespace for temporary tables
2026-07-16 22:38:12 0 [Note] InnoDB: Setting file '.\ibtmp1' size to 12 MB. Physically writing the file full; Please wait ...
2026-07-16 22:38:12 0 [Note] InnoDB: File '.\ibtmp1' size is now 12 MB.
2026-07-16 22:38:12 0 [Note] InnoDB: Waiting for purge to start
2026-07-16 22:38:12 0 [Note] InnoDB: 10.4.32 started; log sequence number 91282485; transaction id 100772
2026-07-16 22:38:12 0 [Note] InnoDB: Loading buffer pool(s) from c:\xampp\mysql\data\ib_buffer_pool
2026-07-16 22:38:12 0 [Note] Plugin 'FEEDBACK' is disabled.
2026-07-16 22:38:13 0 [Note] Server socket created on IP: '::'.
2026-07-16 22:38:13 0 [Note] Reading of all Master_info entries succeeded
2026-07-16 22:38:13 0 [Note] Added new Master_info '' to hash table
2026-07-16 22:38:13 0 [Note] mysql: ready for connections.
Version: '10.4.32-MariaDB'  socket: ''  port: 3306  mariadb.org binary distribution
2026-07-16 22:38:13 0 [Note] InnoDB: Buffer pool(s) load completed at 260716 22:38:13
2026-07-18  2:36:15 0 [Note] Starting MariaDB 10.4.32-MariaDB source revision c4143f909528e3fab0677a28631d10389354c491 as process 5864
2026-07-18  2:36:15 0 [Note] InnoDB: Mutexes and rw_locks use Windows interlocked functions
2026-07-18  2:36:15 0 [Note] InnoDB: Uses event mutexes
2026-07-18  2:36:15 0 [Note] InnoDB: Compressed tables use zlib 1.3
2026-07-18  2:36:15 0 [Note] InnoDB: Number of pools: 1
2026-07-18  2:36:15 0 [Note] InnoDB: Using SSE2 crc32 instructions
2026-07-18  2:36:15 0 [Note] InnoDB: Initializing buffer pool, total size = 128M, instances = 1, chunk size = 128M
2026-07-18  2:36:15 0 [Note] InnoDB: Completed initialization of buffer pool
2026-07-18  2:36:15 0 [Note] InnoDB: Starting crash recovery from checkpoint LSN=102603719
2026-07-18  2:36:16 0 [Note] InnoDB: 128 out of 128 rollback segments are active.
2026-07-18  2:36:16 0 [Note] InnoDB: Removed temporary tablespace data file: "ibtmp1"
2026-07-18  2:36:16 0 [Note] InnoDB: Creating shared tablespace for temporary tables
2026-07-18  2:36:16 0 [Note] InnoDB: Setting file '.\ibtmp1' size to 12 MB. Physically writing the file full; Please wait ...
2026-07-18  2:36:16 0 [Note] InnoDB: File '.\ibtmp1' size is now 12 MB.
2026-07-18  2:36:16 0 [Note] InnoDB: Waiting for purge to start
2026-07-18  2:36:16 0 [Note] InnoDB: 10.4.32 started; log sequence number 102603728; transaction id 112611
2026-07-18  2:36:16 0 [Note] InnoDB: Loading buffer pool(s) from c:\xampp\mysql\data\ib_buffer_pool
2026-07-18  2:36:16 0 [Note] Plugin 'FEEDBACK' is disabled.
2026-07-18  2:36:16 0 [Note] Server socket created on IP: '::'.
2026-07-18  2:36:16 0 [Note] Reading of all Master_info entries succeeded
2026-07-18  2:36:16 0 [Note] Added new Master_info '' to hash table
2026-07-18  2:36:16 0 [Note] mysql: ready for connections.
Version: '10.4.32-MariaDB'  socket: ''  port: 3306  mariadb.org binary distribution
2026-07-18  2:36:16 0 [Note] InnoDB: Buffer pool(s) load completed at 260718  2:36:16
2026-07-19  1:21:53 0 [Note] Starting MariaDB 10.4.32-MariaDB source revision c4143f909528e3fab0677a28631d10389354c491 as process 6028
2026-07-19  1:21:54 0 [Note] InnoDB: Mutexes and rw_locks use Windows interlocked functions
2026-07-19  1:21:54 0 [Note] InnoDB: Uses event mutexes
2026-07-19  1:21:54 0 [Note] InnoDB: Compressed tables use zlib 1.3
2026-07-19  1:21:54 0 [Note] InnoDB: Number of pools: 1
2026-07-19  1:21:54 0 [Note] InnoDB: Using SSE2 crc32 instructions
2026-07-19  1:21:54 0 [Note] InnoDB: Initializing buffer pool, total size = 128M, instances = 1, chunk size = 128M
2026-07-19  1:21:54 0 [Note] InnoDB: Completed initialization of buffer pool
2026-07-19  1:21:54 0 [Note] InnoDB: Starting crash recovery from checkpoint LSN=106713264
2026-07-19  1:21:55 0 [Note] InnoDB: 128 out of 128 rollback segments are active.
2026-07-19  1:21:55 0 [Note] InnoDB: Removed temporary tablespace data file: "ibtmp1"
2026-07-19  1:21:55 0 [Note] InnoDB: Creating shared tablespace for temporary tables
2026-07-19  1:21:55 0 [Note] InnoDB: Setting file '.\ibtmp1' size to 12 MB. Physically writing the file full; Please wait ...
2026-07-19  1:21:55 0 [Note] InnoDB: File '.\ibtmp1' size is now 12 MB.
2026-07-19  1:21:55 0 [Note] InnoDB: Waiting for purge to start
2026-07-19  1:21:55 0 [Note] InnoDB: 10.4.32 started; log sequence number 106713273; transaction id 116790
2026-07-19  1:21:55 0 [Note] InnoDB: Loading buffer pool(s) from c:\xampp\mysql\data\ib_buffer_pool
2026-07-19  1:21:55 0 [Note] Plugin 'FEEDBACK' is disabled.
2026-07-19  1:21:55 0 [Note] Server socket created on IP: '::'.
2026-07-19  1:21:56 0 [Note] Reading of all Master_info entries succeeded
2026-07-19  1:21:56 0 [Note] Added new Master_info '' to hash table
2026-07-19  1:21:56 0 [Note] mysql: ready for connections.
Version: '10.4.32-MariaDB'  socket: ''  port: 3306  mariadb.org binary distribution
2026-07-19  1:21:56 0 [Note] InnoDB: Buffer pool(s) load completed at 260719  1:21:56
2026-07-19 23:25:29 0 [Note] Starting MariaDB 10.4.32-MariaDB source revision c4143f909528e3fab0677a28631d10389354c491 as process 6100
2026-07-19 23:25:29 0 [Note] InnoDB: Mutexes and rw_locks use Windows interlocked functions
2026-07-19 23:25:29 0 [Note] InnoDB: Uses event mutexes
2026-07-19 23:25:29 0 [Note] InnoDB: Compressed tables use zlib 1.3
2026-07-19 23:25:29 0 [Note] InnoDB: Number of pools: 1
2026-07-19 23:25:29 0 [Note] InnoDB: Using SSE2 crc32 instructions
2026-07-19 23:25:29 0 [Note] InnoDB: Initializing buffer pool, total size = 128M, instances = 1, chunk size = 128M
2026-07-19 23:25:29 0 [Note] InnoDB: Completed initialization of buffer pool
2026-07-19 23:25:29 0 [Note] InnoDB: Starting crash recovery from checkpoint LSN=106713282
2026-07-19 23:25:30 0 [Note] InnoDB: 128 out of 128 rollback segments are active.
2026-07-19 23:25:30 0 [Note] InnoDB: Removed temporary tablespace data file: "ibtmp1"
2026-07-19 23:25:30 0 [Note] InnoDB: Creating shared tablespace for temporary tables
2026-07-19 23:25:30 0 [Note] InnoDB: Setting file '.\ibtmp1' size to 12 MB. Physically writing the file full; Please wait ...
2026-07-19 23:25:30 0 [Note] InnoDB: File '.\ibtmp1' size is now 12 MB.
2026-07-19 23:25:30 0 [Note] InnoDB: Waiting for purge to start
2026-07-19 23:25:30 0 [Note] InnoDB: 10.4.32 started; log sequence number 106713291; transaction id 116790
2026-07-19 23:25:30 0 [Note] InnoDB: Loading buffer pool(s) from c:\xampp\mysql\data\ib_buffer_pool
2026-07-19 23:25:30 0 [Note] Plugin 'FEEDBACK' is disabled.
2026-07-19 23:25:30 0 [Note] Server socket created on IP: '::'.
2026-07-19 23:25:30 0 [Note] Reading of all Master_info entries succeeded
2026-07-19 23:25:30 0 [Note] Added new Master_info '' to hash table
2026-07-19 23:25:30 0 [Note] mysql: ready for connections.
Version: '10.4.32-MariaDB'  socket: ''  port: 3306  mariadb.org binary distribution
2026-07-19 23:25:30 0 [Note] InnoDB: Buffer pool(s) load completed at 260719 23:25:30
2026-07-20 15:02:22 276 [Warning] Aborted connection 276 to db: 'roadsense' user: 'roadsense_app' host: 'localhost' (Got an error reading communication packets)
2026-07-20 15:02:22 291 [Warning] Aborted connection 291 to db: 'roadsense' user: 'roadsense_app' host: 'localhost' (Got an error reading communication packets)
2026-07-20 15:56:08 0 [Note] Starting MariaDB 10.4.32-MariaDB source revision c4143f909528e3fab0677a28631d10389354c491 as process 6116
2026-07-20 15:56:08 0 [Note] InnoDB: Mutexes and rw_locks use Windows interlocked functions
2026-07-20 15:56:08 0 [Note] InnoDB: Uses event mutexes
2026-07-20 15:56:08 0 [Note] InnoDB: Compressed tables use zlib 1.3
2026-07-20 15:56:08 0 [Note] InnoDB: Number of pools: 1
2026-07-20 15:56:08 0 [Note] InnoDB: Using SSE2 crc32 instructions
2026-07-20 15:56:08 0 [Note] InnoDB: Initializing buffer pool, total size = 128M, instances = 1, chunk size = 128M
2026-07-20 15:56:08 0 [Note] InnoDB: Completed initialization of buffer pool
2026-07-20 15:56:08 0 [Note] InnoDB: Starting crash recovery from checkpoint LSN=142623084
2026-07-20 15:56:09 0 [Note] InnoDB: 128 out of 128 rollback segments are active.
2026-07-20 15:56:09 0 [Note] InnoDB: Removed temporary tablespace data file: "ibtmp1"
2026-07-20 15:56:09 0 [Note] InnoDB: Creating shared tablespace for temporary tables
2026-07-20 15:56:09 0 [Note] InnoDB: Setting file '.\ibtmp1' size to 12 MB. Physically writing the file full; Please wait ...
2026-07-20 15:56:09 0 [Note] InnoDB: File '.\ibtmp1' size is now 12 MB.
2026-07-20 15:56:09 0 [Note] InnoDB: Waiting for purge to start
2026-07-20 15:56:09 0 [Note] InnoDB: 10.4.32 started; log sequence number 142623093; transaction id 155059
2026-07-20 15:56:09 0 [Note] InnoDB: Loading buffer pool(s) from c:\xampp\mysql\data\ib_buffer_pool
2026-07-20 15:56:09 0 [Note] Plugin 'FEEDBACK' is disabled.
2026-07-20 15:56:09 0 [Note] Server socket created on IP: '::'.
2026-07-20 15:56:09 0 [Note] Reading of all Master_info entries succeeded
2026-07-20 15:56:09 0 [Note] Added new Master_info '' to hash table
2026-07-20 15:56:09 0 [Note] mysql: ready for connections.
Version: '10.4.32-MariaDB'  socket: ''  port: 3306  mariadb.org binary distribution
2026-07-20 15:56:09 0 [Note] InnoDB: Buffer pool(s) load completed at 260720 15:56:09
2026-07-20 17:07:29 0 [Note] Starting MariaDB 10.4.32-MariaDB source revision c4143f909528e3fab0677a28631d10389354c491 as process 6140
2026-07-20 17:07:29 0 [Note] InnoDB: Mutexes and rw_locks use Windows interlocked functions
2026-07-20 17:07:29 0 [Note] InnoDB: Uses event mutexes
2026-07-20 17:07:29 0 [Note] InnoDB: Compressed tables use zlib 1.3
2026-07-20 17:07:29 0 [Note] InnoDB: Number of pools: 1
2026-07-20 17:07:29 0 [Note] InnoDB: Using SSE2 crc32 instructions
2026-07-20 17:07:29 0 [Note] InnoDB: Initializing buffer pool, total size = 128M, instances = 1, chunk size = 128M
2026-07-20 17:07:29 0 [Note] InnoDB: Completed initialization of buffer pool
2026-07-20 17:07:29 0 [Note] InnoDB: Starting crash recovery from checkpoint LSN=142623102
2026-07-20 17:07:29 0 [Note] InnoDB: 128 out of 128 rollback segments are active.
2026-07-20 17:07:29 0 [Note] InnoDB: Removed temporary tablespace data file: "ibtmp1"
2026-07-20 17:07:29 0 [Note] InnoDB: Creating shared tablespace for temporary tables
2026-07-20 17:07:29 0 [Note] InnoDB: Setting file '.\ibtmp1' size to 12 MB. Physically writing the file full; Please wait ...
2026-07-20 17:07:29 0 [Note] InnoDB: File '.\ibtmp1' size is now 12 MB.
2026-07-20 17:07:29 0 [Note] InnoDB: Waiting for purge to start
2026-07-20 17:07:30 0 [Note] InnoDB: 10.4.32 started; log sequence number 142623111; transaction id 155059
2026-07-20 17:07:30 0 [Note] InnoDB: Loading buffer pool(s) from c:\xampp\mysql\data\ib_buffer_pool
2026-07-20 17:07:30 0 [Note] Plugin 'FEEDBACK' is disabled.
2026-07-20 17:07:30 0 [Note] Server socket created on IP: '::'.
2026-07-20 17:07:30 0 [Note] Reading of all Master_info entries succeeded
2026-07-20 17:07:30 0 [Note] Added new Master_info '' to hash table
2026-07-20 17:07:30 0 [Note] mysql: ready for connections.
Version: '10.4.32-MariaDB'  socket: ''  port: 3306  mariadb.org binary distribution
2026-07-20 17:07:30 0 [Note] InnoDB: Buffer pool(s) load completed at 260720 17:07:30
2026-07-21  1:14:18 173 [Warning] Aborted connection 173 to db: 'roadsense' user: 'roadsense_app' host: 'localhost' (Got an error reading communication packets)
2026-07-21  1:14:18 172 [Warning] Aborted connection 172 to db: 'roadsense' user: 'roadsense_app' host: 'localhost' (Got an error reading communication packets)
2026-07-21  1:14:18 159 [Warning] Aborted connection 159 to db: 'roadsense' user: 'roadsense_app' host: 'localhost' (Got an error reading communication packets)
2026-07-22  8:55:28 0 [Note] Starting MariaDB 10.4.32-MariaDB source revision c4143f909528e3fab0677a28631d10389354c491 as process 5272
2026-07-22  8:55:28 0 [Note] InnoDB: Mutexes and rw_locks use Windows interlocked functions
2026-07-22  8:55:28 0 [Note] InnoDB: Uses event mutexes
2026-07-22  8:55:28 0 [Note] InnoDB: Compressed tables use zlib 1.3
2026-07-22  8:55:28 0 [Note] InnoDB: Number of pools: 1
2026-07-22  8:55:28 0 [Note] InnoDB: Using SSE2 crc32 instructions
2026-07-22  8:55:28 0 [Note] InnoDB: Initializing buffer pool, total size = 128M, instances = 1, chunk size = 128M
2026-07-22  8:55:28 0 [Note] InnoDB: Completed initialization of buffer pool
2026-07-22  8:55:28 0 [Note] InnoDB: Starting crash recovery from checkpoint LSN=146961514
2026-07-22  8:55:28 0 [Note] InnoDB: 128 out of 128 rollback segments are active.
2026-07-22  8:55:28 0 [Note] InnoDB: Removed temporary tablespace data file: "ibtmp1"
2026-07-22  8:55:28 0 [Note] InnoDB: Creating shared tablespace for temporary tables
2026-07-22  8:55:28 0 [Note] InnoDB: Setting file '.\ibtmp1' size to 12 MB. Physically writing the file full; Please wait ...
2026-07-22  8:55:28 0 [Note] InnoDB: File '.\ibtmp1' size is now 12 MB.
2026-07-22  8:55:28 0 [Note] InnoDB: Waiting for purge to start
2026-07-22  8:55:28 0 [Note] InnoDB: 10.4.32 started; log sequence number 146961523; transaction id 157851
2026-07-22  8:55:28 0 [Note] InnoDB: Loading buffer pool(s) from c:\xampp\mysql\data\ib_buffer_pool
2026-07-22  8:55:28 0 [Note] Plugin 'FEEDBACK' is disabled.
2026-07-22  8:55:28 0 [Note] Server socket created on IP: '::'.
2026-07-22  8:55:29 0 [Note] Reading of all Master_info entries succeeded
2026-07-22  8:55:29 0 [Note] Added new Master_info '' to hash table
2026-07-22  8:55:29 0 [Note] mysql: ready for connections.
Version: '10.4.32-MariaDB'  socket: ''  port: 3306  mariadb.org binary distribution
2026-07-22  8:55:29 0 [Note] InnoDB: Buffer pool(s) load completed at 260722  8:55:29
2026-07-22 19:16:28 11 [Warning] Aborted connection 11 to db: 'roadsense' user: 'roadsense_app' host: 'localhost' (Got timeout reading communication packets)
2026-07-22 19:16:28 10 [Warning] Aborted connection 10 to db: 'roadsense' user: 'roadsense_app' host: 'localhost' (Got timeout reading communication packets)
2026-07-24 11:08:21 13 [Warning] Aborted connection 13 to db: 'e_archive' user: 'root' host: 'localhost' (Got an error reading communication packets)
2026-07-24 11:15:08 18 [Warning] Aborted connection 18 to db: 'e_archive' user: 'root' host: 'localhost' (Got an error reading communication packets)
2026-07-24 11:15:08 16 [Warning] Aborted connection 16 to db: 'e_archive' user: 'root' host: 'localhost' (Got an error reading communication packets)
2026-07-24 11:15:08 15 [Warning] Aborted connection 15 to db: 'e_archive' user: 'root' host: 'localhost' (Got an error reading communication packets)
2026-07-24 11:15:08 17 [Warning] Aborted connection 17 to db: 'e_archive' user: 'root' host: 'localhost' (Got an error reading communication packets)
2026-07-24 11:22:48 34 [Warning] Access denied for user ''@'localhost' (using password: NO)
2026-07-24 15:01:45 107 [Warning] Aborted connection 107 to db: 'hazard_hero' user: 'root' host: 'localhost' (Got an error reading communication packets)
2026-07-25  9:29:47 197 [Warning] Aborted connection 197 to db: 'roadsense' user: 'roadsense_app' host: 'localhost' (Got timeout reading communication packets)
2026-07-25  9:29:48 156 [Warning] Aborted connection 156 to db: 'roadsense' user: 'roadsense_app' host: 'localhost' (Got timeout reading communication packets)
2026-07-25  9:29:48 196 [Warning] Aborted connection 196 to db: 'roadsense' user: 'roadsense_app' host: 'localhost' (Got timeout reading communication packets)
2026-07-25 13:04:56 198 [Warning] Aborted connection 198 to db: 'roadsense' user: 'roadsense_app' host: 'localhost' (Got an error reading communication packets)
2026-07-25 13:19:04 218 [Warning] Aborted connection 218 to db: 'hazard_hero' user: 'root' host: 'localhost' (Got an error reading communication packets)
2026-07-25 13:19:04 222 [Warning] Aborted connection 222 to db: 'hazard_hero' user: 'root' host: 'localhost' (Got an error reading communication packets)
2026-07-25 13:19:04 217 [Warning] Aborted connection 217 to db: 'hazard_hero' user: 'root' host: 'localhost' (Got an error reading communication packets)
2026-07-25 13:19:04 214 [Warning] Aborted connection 214 to db: 'hazard_hero' user: 'root' host: 'localhost' (Got an error reading communication packets)
2026-07-25 13:19:04 228 [Warning] Aborted connection 228 to db: 'hazard_hero' user: 'root' host: 'localhost' (Got an error reading communication packets)
2026-07-25 13:19:04 203 [Warning] Aborted connection 203 to db: 'hazard_hero' user: 'root' host: 'localhost' (Got an error reading communication packets)
2026-07-25 13:19:04 215 [Warning] Aborted connection 215 to db: 'hazard_hero' user: 'root' host: 'localhost' (Got an error reading communication packets)
2026-07-25 13:19:04 216 [Warning] Aborted connection 216 to db: 'hazard_hero' user: 'root' host: 'localhost' (Got an error reading communication packets)
2026-07-25 13:19:04 225 [Warning] Aborted connection 225 to db: 'hazard_hero' user: 'root' host: 'localhost' (Got an error reading communication packets)
2026-07-25 13:19:04 213 [Warning] Aborted connection 213 to db: 'hazard_hero' user: 'root' host: 'localhost' (Got an error reading communication packets)
2026-07-25 13:19:04 223 [Warning] Aborted connection 223 to db: 'hazard_hero' user: 'root' host: 'localhost' (Got an error reading communication packets)
2026-07-25 13:19:04 224 [Warning] Aborted connection 224 to db: 'hazard_hero' user: 'root' host: 'localhost' (Got an error reading communication packets)
2026-07-25 13:19:04 221 [Warning] Aborted connection 221 to db: 'hazard_hero' user: 'root' host: 'localhost' (Got an error reading communication packets)
2026-07-25 13:19:04 220 [Warning] Aborted connection 220 to db: 'hazard_hero' user: 'root' host: 'localhost' (Got an error reading communication packets)
2026-07-25 16:16:14 359 [Warning] Aborted connection 359 to db: 'hazard_hero' user: 'root' host: 'localhost' (Got an error reading communication packets)
2026-07-25 16:16:14 439 [Warning] Aborted connection 439 to db: 'hazard_hero' user: 'root' host: 'localhost' (Got an error reading communication packets)
2026-07-25 16:16:14 338 [Warning] Aborted connection 338 to db: 'hazard_hero' user: 'root' host: 'localhost' (Got an error reading communication packets)
2026-07-25 16:16:14 327 [Warning] Aborted connection 327 to db: 'hazard_hero' user: 'root' host: 'localhost' (Got an error reading communication packets)
2026-07-25 16:16:14 376 [Warning] Aborted connection 376 to db: 'hazard_hero' user: 'root' host: 'localhost' (Got an error reading communication packets)
2026-07-25 16:16:14 449 [Warning] Aborted connection 449 to db: 'hazard_hero' user: 'root' host: 'localhost' (Got an error reading communication packets)
2026-07-25 16:16:14 229 [Warning] Aborted connection 229 to db: 'hazard_hero' user: 'root' host: 'localhost' (Got an error reading communication packets)
2026-07-25 16:16:14 418 [Warning] Aborted connection 418 to db: 'hazard_hero' user: 'root' host: 'localhost' (Got an error reading communication packets)
2026-07-25 16:16:14 440 [Warning] Aborted connection 440 to db: 'hazard_hero' user: 'root' host: 'localhost' (Got an error reading communication packets)
2026-07-25 16:16:14 288 [Warning] Aborted connection 288 to db: 'hazard_hero' user: 'root' host: 'localhost' (Got an error reading communication packets)
2026-07-25 16:16:14 342 [Warning] Aborted connection 342 to db: 'hazard_hero' user: 'root' host: 'localhost' (Got an error reading communication packets)
2026-07-25 16:16:14 433 [Warning] Aborted connection 433 to db: 'hazard_hero' user: 'root' host: 'localhost' (Got an error reading communication packets)
2026-07-25 16:16:14 295 [Warning] Aborted connection 295 to db: 'hazard_hero' user: 'root' host: 'localhost' (Got an error reading communication packets)
2026-07-25 16:16:14 293 [Warning] Aborted connection 293 to db: 'hazard_hero' user: 'root' host: 'localhost' (Got an error reading communication packets)
2026-07-25 16:16:14 344 [Warning] Aborted connection 344 to db: 'hazard_hero' user: 'root' host: 'localhost' (Got an error reading communication packets)
2026-07-25 16:16:14 294 [Warning] Aborted connection 294 to db: 'hazard_hero' user: 'root' host: 'localhost' (Got an error reading communication packets)
2026-07-25 16:16:14 436 [Warning] Aborted connection 436 to db: 'hazard_hero' user: 'root' host: 'localhost' (Got an error reading communication packets)
2026-07-25 16:16:14 312 [Warning] Aborted connection 312 to db: 'hazard_hero' user: 'root' host: 'localhost' (Got an error reading communication packets)
2026-07-25 16:16:14 374 [Warning] Aborted connection 374 to db: 'hazard_hero' user: 'root' host: 'localhost' (Got an error reading communication packets)
2026-07-25 16:16:14 404 [Warning] Aborted connection 404 to db: 'hazard_hero' user: 'root' host: 'localhost' (Got an error reading communication packets)
2026-07-25 16:16:14 444 [Warning] Aborted connection 444 to db: 'hazard_hero' user: 'root' host: 'localhost' (Got an error reading communication packets)
2026-07-25 16:16:14 372 [Warning] Aborted connection 372 to db: 'hazard_hero' user: 'root' host: 'localhost' (Got an error reading communication packets)
2026-07-25 16:16:14 373 [Warning] Aborted connection 373 to db: 'hazard_hero' user: 'root' host: 'localhost' (Got an error reading communication packets)
2026-07-25 16:16:14 405 [Warning] Aborted connection 405 to db: 'hazard_hero' user: 'root' host: 'localhost' (Got an error reading communication packets)
2026-07-25 16:16:14 406 [Warning] Aborted connection 406 to db: 'hazard_hero' user: 'root' host: 'localhost' (Got an error reading communication packets)
2026-07-25 16:16:14 326 [Warning] Aborted connection 326 to db: 'hazard_hero' user: 'root' host: 'localhost' (Got an error reading communication packets)
2026-07-25 16:16:14 341 [Warning] Aborted connection 341 to db: 'hazard_hero' user: 'root' host: 'localhost' (Got an error reading communication packets)
2026-07-25 16:16:14 435 [Warning] Aborted connection 435 to db: 'hazard_hero' user: 'root' host: 'localhost' (Got an error reading communication packets)
2026-07-25 16:16:14 292 [Warning] Aborted connection 292 to db: 'hazard_hero' user: 'root' host: 'localhost' (Got an error reading communication packets)
2026-07-25 16:16:14 291 [Warning] Aborted connection 291 to db: 'hazard_hero' user: 'root' host: 'localhost' (Got an error reading communication packets)
2026-07-25 16:16:14 345 [Warning] Aborted connection 345 to db: 'hazard_hero' user: 'root' host: 'localhost' (Got an error reading communication packets)
2026-07-25 16:16:14 437 [Warning] Aborted connection 437 to db: 'hazard_hero' user: 'root' host: 'localhost' (Got an error reading communication packets)
2026-07-25 16:16:14 403 [Warning] Aborted connection 403 to db: 'hazard_hero' user: 'root' host: 'localhost' (Got an error reading communication packets)
2026-07-25 16:16:14 438 [Warning] Aborted connection 438 to db: 'hazard_hero' user: 'root' host: 'localhost' (Got an error reading communication packets)
2026-07-25 16:16:14 384 [Warning] Aborted connection 384 to db: 'hazard_hero' user: 'root' host: 'localhost' (Got an error reading communication packets)
2026-07-25 16:16:14 442 [Warning] Aborted connection 442 to db: 'hazard_hero' user: 'root' host: 'localhost' (Got an error reading communication packets)
2026-07-25 16:16:14 441 [Warning] Aborted connection 441 to db: 'hazard_hero' user: 'root' host: 'localhost' (Got an error reading communication packets)
2026-07-25 16:16:14 355 [Warning] Aborted connection 355 to db: 'hazard_hero' user: 'root' host: 'localhost' (Got an error reading communication packets)
2026-07-25 16:16:14 434 [Warning] Aborted connection 434 to db: 'hazard_hero' user: 'root' host: 'localhost' (Got an error reading communication packets)
2026-07-25 16:16:14 402 [Warning] Aborted connection 402 to db: 'hazard_hero' user: 'root' host: 'localhost' (Got an error reading communication packets)
2026-07-25 16:16:14 340 [Warning] Aborted connection 340 to db: 'hazard_hero' user: 'root' host: 'localhost' (Got an error reading communication packets)
2026-07-25 16:16:14 360 [Warning] Aborted connection 360 to db: 'hazard_hero' user: 'root' host: 'localhost' (Got an error reading communication packets)
2026-07-25 16:16:14 296 [Warning] Aborted connection 296 to db: 'hazard_hero' user: 'root' host: 'localhost' (Got an error reading communication packets)
2026-07-25 16:16:14 356 [Warning] Aborted connection 356 to db: 'hazard_hero' user: 'root' host: 'localhost' (Got an error reading communication packets)
2026-07-25 16:16:14 371 [Warning] Aborted connection 371 to db: 'hazard_hero' user: 'root' host: 'localhost' (Got an error reading communication packets)
2026-07-25 16:16:14 375 [Warning] Aborted connection 375 to db: 'hazard_hero' user: 'root' host: 'localhost' (Got an error reading communication packets)
2026-07-25 16:16:14 357 [Warning] Aborted connection 357 to db: 'hazard_hero' user: 'root' host: 'localhost' (Got an error reading communication packets)
2026-07-25 16:16:14 358 [Warning] Aborted connection 358 to db: 'hazard_hero' user: 'root' host: 'localhost' (Got an error reading communication packets)
2026-07-25 16:16:14 446 [Warning] Aborted connection 446 to db: 'hazard_hero' user: 'root' host: 'localhost' (Got an error reading communication packets)
2026-07-25 16:16:14 445 [Warning] Aborted connection 445 to db: 'hazard_hero' user: 'root' host: 'localhost' (Got an error reading communication packets)
2026-07-25 16:16:14 447 [Warning] Aborted connection 447 to db: 'hazard_hero' user: 'root' host: 'localhost' (Got an error reading communication packets)
2026-07-25 16:16:14 343 [Warning] Aborted connection 343 to db: 'hazard_hero' user: 'root' host: 'localhost' (Got an error reading communication packets)
2026-07-25 16:16:14 339 [Warning] Aborted connection 339 to db: 'hazard_hero' user: 'root' host: 'localhost' (Got an error reading communication packets)
2026-07-25 16:16:14 448 [Warning] Aborted connection 448 to db: 'hazard_hero' user: 'root' host: 'localhost' (Got an error reading communication packets)
2026-07-25 16:16:14 443 [Warning] Aborted connection 443 to db: 'hazard_hero' user: 'root' host: 'localhost' (Got an error reading communication packets)
2026-07-25 19:16:18 0 [Note] Starting MariaDB 10.4.32-MariaDB source revision c4143f909528e3fab0677a28631d10389354c491 as process 5292
2026-07-25 19:16:18 0 [Note] InnoDB: Mutexes and rw_locks use Windows interlocked functions
2026-07-25 19:16:18 0 [Note] InnoDB: Uses event mutexes
2026-07-25 19:16:18 0 [Note] InnoDB: Compressed tables use zlib 1.3
2026-07-25 19:16:18 0 [Note] InnoDB: Number of pools: 1
2026-07-25 19:16:18 0 [Note] InnoDB: Using SSE2 crc32 instructions
2026-07-25 19:16:18 0 [Note] InnoDB: Initializing buffer pool, total size = 128M, instances = 1, chunk size = 128M
2026-07-25 19:16:18 0 [Note] InnoDB: Completed initialization of buffer pool
2026-07-25 19:16:18 0 [Note] InnoDB: Starting crash recovery from checkpoint LSN=151621312
2026-07-25 19:16:19 0 [Note] InnoDB: 128 out of 128 rollback segments are active.
2026-07-25 19:16:19 0 [Note] InnoDB: Removed temporary tablespace data file: "ibtmp1"
2026-07-25 19:16:19 0 [Note] InnoDB: Creating shared tablespace for temporary tables
2026-07-25 19:16:19 0 [Note] InnoDB: Setting file '.\ibtmp1' size to 12 MB. Physically writing the file full; Please wait ...
2026-07-25 19:16:19 0 [Note] InnoDB: File '.\ibtmp1' size is now 12 MB.
2026-07-25 19:16:19 0 [Note] InnoDB: Waiting for purge to start
2026-07-25 19:16:19 0 [Note] InnoDB: 10.4.32 started; log sequence number 151621321; transaction id 161830
2026-07-25 19:16:19 0 [Note] InnoDB: Loading buffer pool(s) from c:\xampp\mysql\data\ib_buffer_pool
2026-07-25 19:16:19 0 [Note] Plugin 'FEEDBACK' is disabled.
2026-07-25 19:16:19 0 [Note] Server socket created on IP: '::'.
2026-07-25 19:16:19 0 [Note] Reading of all Master_info entries succeeded
2026-07-25 19:16:19 0 [Note] Added new Master_info '' to hash table
2026-07-25 19:16:19 0 [Note] mysql: ready for connections.
Version: '10.4.32-MariaDB'  socket: ''  port: 3306  mariadb.org binary distribution
2026-07-25 19:16:19 0 [Note] InnoDB: Buffer pool(s) load completed at 260725 19:16:19
2026-07-26 22:11:35 130 [Warning] Aborted connection 130 to db: 'roadsense' user: 'roadsense_app' host: 'localhost' (Got an error reading communication packets)
2026-07-26 22:11:35 131 [Warning] Aborted connection 131 to db: 'roadsense' user: 'roadsense_app' host: 'localhost' (Got an error reading communication packets)
2026-07-26 22:11:35 132 [Warning] Aborted connection 132 to db: 'roadsense' user: 'roadsense_app' host: 'localhost' (Got an error reading communication packets)
2026-07-26 22:19:52 148 [Warning] Aborted connection 148 to db: 'roadsense' user: 'roadsense_app' host: 'localhost' (Got an error reading communication packets)
2026-07-26 22:26:05 149 [Warning] Aborted connection 149 to db: 'roadsense' user: 'roadsense_app' host: 'localhost' (Got an error reading communication packets)
2026-07-26 22:46:51 150 [Warning] Aborted connection 150 to db: 'roadsense' user: 'roadsense_app' host: 'localhost' (Got an error reading communication packets)
2026-07-26 23:04:49 155 [Warning] Aborted connection 155 to db: 'roadsense' user: 'roadsense_app' host: 'localhost' (Got an error reading communication packets)
2026-07-26 23:19:28 156 [Warning] Aborted connection 156 to db: 'roadsense' user: 'roadsense_app' host: 'localhost' (Got an error reading communication packets)
2026-07-26 23:19:52 157 [Warning] Aborted connection 157 to db: 'roadsense' user: 'roadsense_app' host: 'localhost' (Got an error reading communication packets)
2026-07-26 23:23:33 158 [Warning] Aborted connection 158 to db: 'roadsense' user: 'roadsense_app' host: 'localhost' (Got an error reading communication packets)
2026-07-26 23:51:52 159 [Warning] Aborted connection 159 to db: 'roadsense' user: 'roadsense_app' host: 'localhost' (Got an error reading communication packets)
2026-07-29  1:07:07 0 [Note] Starting MariaDB 10.4.32-MariaDB source revision c4143f909528e3fab0677a28631d10389354c491 as process 5356
2026-07-29  1:07:08 0 [Note] InnoDB: Mutexes and rw_locks use Windows interlocked functions
2026-07-29  1:07:08 0 [Note] InnoDB: Uses event mutexes
2026-07-29  1:07:08 0 [Note] InnoDB: Compressed tables use zlib 1.3
2026-07-29  1:07:08 0 [Note] InnoDB: Number of pools: 1
2026-07-29  1:07:08 0 [Note] InnoDB: Using SSE2 crc32 instructions
2026-07-29  1:07:08 0 [Note] InnoDB: Initializing buffer pool, total size = 128M, instances = 1, chunk size = 128M
2026-07-29  1:07:08 0 [Note] InnoDB: Completed initialization of buffer pool
2026-07-29  1:07:08 0 [Note] InnoDB: Starting crash recovery from checkpoint LSN=152073500
2026-07-29  1:07:08 0 [Note] InnoDB: 128 out of 128 rollback segments are active.
2026-07-29  1:07:08 0 [Note] InnoDB: Removed temporary tablespace data file: "ibtmp1"
2026-07-29  1:07:08 0 [Note] InnoDB: Creating shared tablespace for temporary tables
2026-07-29  1:07:08 0 [Note] InnoDB: Setting file '.\ibtmp1' size to 12 MB. Physically writing the file full; Please wait ...
2026-07-29  1:07:08 0 [Note] InnoDB: File '.\ibtmp1' size is now 12 MB.
2026-07-29  1:07:08 0 [Note] InnoDB: Waiting for purge to start
2026-07-29  1:07:08 0 [Note] InnoDB: 10.4.32 started; log sequence number 152073509; transaction id 162389
2026-07-29  1:07:08 0 [Note] InnoDB: Loading buffer pool(s) from c:\xampp\mysql\data\ib_buffer_pool
2026-07-29  1:07:08 0 [Note] Plugin 'FEEDBACK' is disabled.
2026-07-29  1:07:08 0 [Note] Server socket created on IP: '::'.
2026-07-29  1:07:08 0 [Note] Reading of all Master_info entries succeeded
2026-07-29  1:07:08 0 [Note] Added new Master_info '' to hash table
2026-07-29  1:07:08 0 [Note] mysql: ready for connections.
Version: '10.4.32-MariaDB'  socket: ''  port: 3306  mariadb.org binary distribution
2026-07-29  1:07:08 0 [Note] InnoDB: Buffer pool(s) load completed at 260729  1:07:08
2026-07-29 16:07:14 42 [Warning] Aborted connection 42 to db: 'e_archive' user: 'root' host: 'localhost' (Got an error reading communication packets)
2026-07-29 16:07:14 41 [Warning] Aborted connection 41 to db: 'e_archive' user: 'root' host: 'localhost' (Got an error reading communication packets)
2026-07-29 16:07:14 43 [Warning] Aborted connection 43 to db: 'e_archive' user: 'root' host: 'localhost' (Got an error reading communication packets)
2026-07-29 16:07:14 40 [Warning] Aborted connection 40 to db: 'e_archive' user: 'root' host: 'localhost' (Got an error reading communication packets)
2026-07-29 16:07:17 9 [Warning] Aborted connection 9 to db: 'e_archive' user: 'root' host: 'localhost' (Got an error reading communication packets)
2026-07-29 16:07:17 11 [Warning] Aborted connection 11 to db: 'e_archive' user: 'root' host: 'localhost' (Got an error reading communication packets)
2026-07-29 16:07:17 10 [Warning] Aborted connection 10 to db: 'e_archive' user: 'root' host: 'localhost' (Got an error reading communication packets)
2026-07-29 16:07:17 12 [Warning] Aborted connection 12 to db: 'e_archive' user: 'root' host: 'localhost' (Got an error reading communication packets)
2026-07-29 16:14:46 45 [Warning] Aborted connection 45 to db: 'e_archive' user: 'root' host: 'localhost' (Got an error reading communication packets)
2026-07-29 16:14:46 47 [Warning] Aborted connection 47 to db: 'e_archive' user: 'root' host: 'localhost' (Got an error reading communication packets)
2026-07-29 16:14:46 46 [Warning] Aborted connection 46 to db: 'e_archive' user: 'root' host: 'localhost' (Got an error reading communication packets)
2026-07-29 16:14:46 48 [Warning] Aborted connection 48 to db: 'e_archive' user: 'root' host: 'localhost' (Got an error reading communication packets)
2026-07-29 16:58:51 50 [Warning] Aborted connection 50 to db: 'e_archive' user: 'root' host: 'localhost' (Got an error reading communication packets)
2026-07-29 16:58:51 53 [Warning] Aborted connection 53 to db: 'e_archive' user: 'root' host: 'localhost' (Got an error reading communication packets)
2026-07-29 16:58:51 52 [Warning] Aborted connection 52 to db: 'e_archive' user: 'root' host: 'localhost' (Got an error reading communication packets)
2026-07-29 16:58:51 51 [Warning] Aborted connection 51 to db: 'e_archive' user: 'root' host: 'localhost' (Got an error reading communication packets)
2026-07-29 20:28:18 80 [Warning] Aborted connection 80 to db: 'hazard_hero' user: 'root' host: 'localhost' (Got an error reading communication packets)
2026-07-31 11:19:50 103 [Warning] Aborted connection 103 to db: 'e_archive' user: 'root' host: 'localhost' (Got timeout reading communication packets)
2026-07-31 11:19:50 104 [Warning] Aborted connection 104 to db: 'e_archive' user: 'root' host: 'localhost' (Got timeout reading communication packets)
2026-07-31 11:19:50 106 [Warning] Aborted connection 106 to db: 'e_archive' user: 'root' host: 'localhost' (Got timeout reading communication packets)
2026-07-31 11:19:51 105 [Warning] Aborted connection 105 to db: 'e_archive' user: 'root' host: 'localhost' (Got timeout reading communication packets)
2026-07-31 16:31:14 207 [Warning] Aborted connection 207 to db: 'e_archive' user: 'root' host: 'localhost' (Got an error reading communication packets)
2026-07-31 16:31:14 204 [Warning] Aborted connection 204 to db: 'e_archive' user: 'root' host: 'localhost' (Got an error reading communication packets)
2026-07-31 16:31:14 205 [Warning] Aborted connection 205 to db: 'e_archive' user: 'root' host: 'localhost' (Got an error reading communication packets)
2026-07-31 16:31:14 206 [Warning] Aborted connection 206 to db: 'e_archive' user: 'root' host: 'localhost' (Got an error reading communication packets)
2026-08-01  0:31:45 211 [Warning] Aborted connection 211 to db: 'e_archive' user: 'root' host: 'localhost' (Got timeout reading communication packets)
2026-08-01  1:25:05 209 [Warning] Aborted connection 209 to db: 'e_archive' user: 'root' host: 'localhost' (Got timeout reading communication packets)
2026-08-01  1:25:05 212 [Warning] Aborted connection 212 to db: 'e_archive' user: 'root' host: 'localhost' (Got timeout reading communication packets)
2026-08-01  1:25:07 210 [Warning] Aborted connection 210 to db: 'e_archive' user: 'root' host: 'localhost' (Got timeout reading communication packets)
2026-08-01 16:23:33 0 [Note] Starting MariaDB 10.4.32-MariaDB source revision c4143f909528e3fab0677a28631d10389354c491 as process 5528
2026-08-01 16:23:33 0 [Note] InnoDB: Mutexes and rw_locks use Windows interlocked functions
2026-08-01 16:23:33 0 [Note] InnoDB: Uses event mutexes
2026-08-01 16:23:33 0 [Note] InnoDB: Compressed tables use zlib 1.3
2026-08-01 16:23:33 0 [Note] InnoDB: Number of pools: 1
2026-08-01 16:23:33 0 [Note] InnoDB: Using SSE2 crc32 instructions
2026-08-01 16:23:33 0 [Note] InnoDB: Initializing buffer pool, total size = 128M, instances = 1, chunk size = 128M
2026-08-01 16:23:33 0 [Note] InnoDB: Completed initialization of buffer pool
2026-08-01 16:23:33 0 [Note] InnoDB: Starting crash recovery from checkpoint LSN=152809152
2026-08-01 16:23:34 0 [Note] InnoDB: 128 out of 128 rollback segments are active.
2026-08-01 16:23:34 0 [Note] InnoDB: Removed temporary tablespace data file: "ibtmp1"
2026-08-01 16:23:34 0 [Note] InnoDB: Creating shared tablespace for temporary tables
2026-08-01 16:23:34 0 [Note] InnoDB: Setting file '.\ibtmp1' size to 12 MB. Physically writing the file full; Please wait ...
2026-08-01 16:23:34 0 [Note] InnoDB: File '.\ibtmp1' size is now 12 MB.
2026-08-01 16:23:34 0 [Note] InnoDB: Waiting for purge to start
2026-08-01 16:23:34 0 [Note] InnoDB: 10.4.32 started; log sequence number 152809161; transaction id 164003
2026-08-01 16:23:34 0 [Note] InnoDB: Loading buffer pool(s) from c:\xampp\mysql\data\ib_buffer_pool
2026-08-01 16:23:34 0 [Note] Plugin 'FEEDBACK' is disabled.
2026-08-01 16:23:34 0 [Note] Server socket created on IP: '::'.
2026-08-01 16:23:34 0 [Note] Reading of all Master_info entries succeeded
2026-08-01 16:23:34 0 [Note] Added new Master_info '' to hash table
2026-08-01 16:23:34 0 [Note] mysql: ready for connections.
Version: '10.4.32-MariaDB'  socket: ''  port: 3306  mariadb.org binary distribution
2026-08-01 16:23:34 0 [Note] InnoDB: Buffer pool(s) load completed at 260801 16:23:34
2026-08-01 23:28:10 11 [Warning] Aborted connection 11 to db: 'e_archive' user: 'root' host: 'localhost' (Got an error reading communication packets)
2026-08-01 23:28:10 12 [Warning] Aborted connection 12 to db: 'e_archive' user: 'root' host: 'localhost' (Got an error reading communication packets)
2026-08-01 23:28:10 13 [Warning] Aborted connection 13 to db: 'e_archive' user: 'root' host: 'localhost' (Got an error reading communication packets)
2026-08-01 23:28:10 10 [Warning] Aborted connection 10 to db: 'e_archive' user: 'root' host: 'localhost' (Got an error reading communication packets)
2026-08-01 23:49:28 22 [Warning] Aborted connection 22 to db: 'e_archive' user: 'root' host: 'localhost' (Got an error reading communication packets)
2026-08-01 23:49:28 23 [Warning] Aborted connection 23 to db: 'e_archive' user: 'root' host: 'localhost' (Got an error reading communication packets)
2026-08-01 23:49:28 25 [Warning] Aborted connection 25 to db: 'e_archive' user: 'root' host: 'localhost' (Got an error reading communication packets)
2026-08-01 23:49:28 24 [Warning] Aborted connection 24 to db: 'e_archive' user: 'root' host: 'localhost' (Got an error reading communication packets)
2026-08-01 23:49:49 19 [Warning] Aborted connection 19 to db: 'e_archive' user: 'root' host: 'localhost' (Got an error reading communication packets)
2026-08-01 23:49:49 18 [Warning] Aborted connection 18 to db: 'e_archive' user: 'root' host: 'localhost' (Got an error reading communication packets)
2026-08-01 23:49:49 17 [Warning] Aborted connection 17 to db: 'e_archive' user: 'root' host: 'localhost' (Got an error reading communication packets)
2026-08-01 23:49:49 20 [Warning] Aborted connection 20 to db: 'e_archive' user: 'root' host: 'localhost' (Got an error reading communication packets)
2026-08-02  0:03:32 35 [Warning] Aborted connection 35 to db: 'e_archive' user: 'root' host: 'localhost' (Got an error reading communication packets)
2026-08-02  0:03:32 32 [Warning] Aborted connection 32 to db: 'e_archive' user: 'root' host: 'localhost' (Got an error reading communication packets)
2026-08-02  0:03:32 34 [Warning] Aborted connection 34 to db: 'e_archive' user: 'root' host: 'localhost' (Got an error reading communication packets)
2026-08-02  0:03:32 33 [Warning] Aborted connection 33 to db: 'e_archive' user: 'root' host: 'localhost' (Got an error reading communication packets)
2026-08-02  0:04:14 42 [Warning] Aborted connection 42 to db: 'e_archive' user: 'root' host: 'localhost' (Got an error reading communication packets)
2026-08-02  0:04:14 41 [Warning] Aborted connection 41 to db: 'e_archive' user: 'root' host: 'localhost' (Got an error reading communication packets)
2026-08-02  0:04:14 40 [Warning] Aborted connection 40 to db: 'e_archive' user: 'root' host: 'localhost' (Got an error reading communication packets)
2026-08-02  0:04:14 43 [Warning] Aborted connection 43 to db: 'e_archive' user: 'root' host: 'localhost' (Got an error reading communication packets)
2026-08-02  0:05:14 30 [Warning] Aborted connection 30 to db: 'e_archive' user: 'root' host: 'localhost' (Got an error reading communication packets)
2026-08-02  0:05:14 27 [Warning] Aborted connection 27 to db: 'e_archive' user: 'root' host: 'localhost' (Got an error reading communication packets)
2026-08-02  0:05:14 28 [Warning] Aborted connection 28 to db: 'e_archive' user: 'root' host: 'localhost' (Got an error reading communication packets)
2026-08-02  0:05:14 29 [Warning] Aborted connection 29 to db: 'e_archive' user: 'root' host: 'localhost' (Got an error reading communication packets)
2026-08-02  0:05:21 54 [Warning] Aborted connection 54 to db: 'e_archive' user: 'root' host: 'localhost' (Got an error reading communication packets)
2026-08-02  0:05:21 55 [Warning] Aborted connection 55 to db: 'e_archive' user: 'root' host: 'localhost' (Got an error reading communication packets)
2026-08-02  0:05:21 57 [Warning] Aborted connection 57 to db: 'e_archive' user: 'root' host: 'localhost' (Got an error reading communication packets)
2026-08-02  0:05:21 56 [Warning] Aborted connection 56 to db: 'e_archive' user: 'root' host: 'localhost' (Got an error reading communication packets)
2026-08-02  1:01:31 61 [Warning] Aborted connection 61 to db: 'e_archive' user: 'root' host: 'localhost' (Got an error reading communication packets)
2026-08-02  1:01:31 62 [Warning] Aborted connection 62 to db: 'e_archive' user: 'root' host: 'localhost' (Got an error reading communication packets)
2026-08-02  1:01:31 59 [Warning] Aborted connection 59 to db: 'e_archive' user: 'root' host: 'localhost' (Got an error reading communication packets)
2026-08-02  1:01:31 60 [Warning] Aborted connection 60 to db: 'e_archive' user: 'root' host: 'localhost' (Got an error reading communication packets)
2026-08-02  1:03:08 66 [Warning] Aborted connection 66 to db: 'e_archive' user: 'root' host: 'localhost' (Got an error reading communication packets)
2026-08-02  1:03:08 65 [Warning] Aborted connection 65 to db: 'e_archive' user: 'root' host: 'localhost' (Got an error reading communication packets)
2026-08-02  1:03:08 67 [Warning] Aborted connection 67 to db: 'e_archive' user: 'root' host: 'localhost' (Got an error reading communication packets)
2026-08-02  1:03:08 68 [Warning] Aborted connection 68 to db: 'e_archive' user: 'root' host: 'localhost' (Got an error reading communication packets)
2026-08-02  1:03:08 49 [Warning] Aborted connection 49 to db: 'e_archive' user: 'root' host: 'localhost' (Got an error reading communication packets)
2026-08-02  1:03:08 50 [Warning] Aborted connection 50 to db: 'e_archive' user: 'root' host: 'localhost' (Got an error reading communication packets)
2026-08-02  1:03:08 51 [Warning] Aborted connection 51 to db: 'e_archive' user: 'root' host: 'localhost' (Got an error reading communication packets)
2026-08-02  1:03:08 52 [Warning] Aborted connection 52 to db: 'e_archive' user: 'root' host: 'localhost' (Got an error reading communication packets)
2026-08-02  1:10:20 73 [Warning] Aborted connection 73 to db: 'e_archive' user: 'root' host: 'localhost' (Got an error reading communication packets)
2026-08-02  1:10:20 72 [Warning] Aborted connection 72 to db: 'e_archive' user: 'root' host: 'localhost' (Got an error reading communication packets)
2026-08-02  1:10:20 74 [Warning] Aborted connection 74 to db: 'e_archive' user: 'root' host: 'localhost' (Got an error reading communication packets)
2026-08-02  1:10:20 75 [Warning] Aborted connection 75 to db: 'e_archive' user: 'root' host: 'localhost' (Got an error reading communication packets)
2026-08-02  1:14:42 77 [Warning] Aborted connection 77 to db: 'e_archive' user: 'root' host: 'localhost' (Got an error reading communication packets)
2026-08-02  1:14:42 79 [Warning] Aborted connection 79 to db: 'e_archive' user: 'root' host: 'localhost' (Got an error reading communication packets)
2026-08-02  1:14:42 78 [Warning] Aborted connection 78 to db: 'e_archive' user: 'root' host: 'localhost' (Got an error reading communication packets)
2026-08-02  1:14:42 80 [Warning] Aborted connection 80 to db: 'e_archive' user: 'root' host: 'localhost' (Got an error reading communication packets)
2026-08-02  1:17:30 85 [Warning] Aborted connection 85 to db: 'e_archive' user: 'root' host: 'localhost' (Got an error reading communication packets)
2026-08-02  1:17:30 82 [Warning] Aborted connection 82 to db: 'e_archive' user: 'root' host: 'localhost' (Got an error reading communication packets)
2026-08-02  1:17:30 83 [Warning] Aborted connection 83 to db: 'e_archive' user: 'root' host: 'localhost' (Got an error reading communication packets)
2026-08-02  1:17:30 84 [Warning] Aborted connection 84 to db: 'e_archive' user: 'root' host: 'localhost' (Got an error reading communication packets)
2026-08-02  1:53:17 90 [Warning] Aborted connection 90 to db: 'e_archive' user: 'root' host: 'localhost' (Got an error reading communication packets)
2026-08-02  1:53:17 87 [Warning] Aborted connection 87 to db: 'e_archive' user: 'root' host: 'localhost' (Got an error reading communication packets)
2026-08-02  1:53:17 89 [Warning] Aborted connection 89 to db: 'e_archive' user: 'root' host: 'localhost' (Got an error reading communication packets)
2026-08-02  1:53:17 88 [Warning] Aborted connection 88 to db: 'e_archive' user: 'root' host: 'localhost' (Got an error reading communication packets)
2026-08-05 18:47:42 0 [Note] mysql (initiated by: unknown): Normal shutdown
2026-08-05 18:47:42 0 [Note] Event Scheduler: Purging the queue. 0 events
2026-08-05 18:47:42 0 [Note] InnoDB: FTS optimize thread exiting.
2026-08-05 18:47:43 0 [Note] InnoDB: Starting shutdown...
2026-08-05 18:47:43 0 [Note] InnoDB: Dumping buffer pool(s) to c:\xampp\mysql\data\ib_buffer_pool
2026-08-05 18:47:43 0 [Note] InnoDB: Buffer pool(s) dump completed at 260805 18:47:43
2026-08-05 18:47:43 0 [Note] InnoDB: Removed temporary tablespace data file: "ibtmp1"
2026-08-05 18:47:43 0 [Note] InnoDB: Shutdown completed; log sequence number 153519528; transaction id 165164
2026-08-05 18:47:43 0 [Note] mysql: Shutdown complete

2026-08-05 18:48:15 0 [Note] Starting MariaDB 10.4.32-MariaDB source revision c4143f909528e3fab0677a28631d10389354c491 as process 5568
2026-08-05 18:48:15 0 [Note] InnoDB: Mutexes and rw_locks use Windows interlocked functions
2026-08-05 18:48:15 0 [Note] InnoDB: Uses event mutexes
2026-08-05 18:48:15 0 [Note] InnoDB: Compressed tables use zlib 1.3
2026-08-05 18:48:15 0 [Note] InnoDB: Number of pools: 1
2026-08-05 18:48:15 0 [Note] InnoDB: Using SSE2 crc32 instructions
2026-08-05 18:48:15 0 [Note] InnoDB: Initializing buffer pool, total size = 128M, instances = 1, chunk size = 128M
2026-08-05 18:48:15 0 [Note] InnoDB: Completed initialization of buffer pool
2026-08-05 18:48:15 0 [Note] InnoDB: 128 out of 128 rollback segments are active.
2026-08-05 18:48:15 0 [Note] InnoDB: Creating shared tablespace for temporary tables
2026-08-05 18:48:15 0 [Note] InnoDB: Setting file '.\ibtmp1' size to 12 MB. Physically writing the file full; Please wait ...
2026-08-05 18:48:15 0 [Note] InnoDB: File '.\ibtmp1' size is now 12 MB.
2026-08-05 18:48:15 0 [Note] InnoDB: Waiting for purge to start
2026-08-05 18:48:15 0 [Note] InnoDB: 10.4.32 started; log sequence number 153519528; transaction id 165165
2026-08-05 18:48:15 0 [Note] InnoDB: Loading buffer pool(s) from c:\xampp\mysql\data\ib_buffer_pool
2026-08-05 18:48:15 0 [Note] Plugin 'FEEDBACK' is disabled.
2026-08-05 18:48:16 0 [Note] Server socket created on IP: '::'.
2026-08-05 18:48:16 0 [Note] Reading of all Master_info entries succeeded
2026-08-05 18:48:16 0 [Note] Added new Master_info '' to hash table
2026-08-05 18:48:16 0 [Note] mysql: ready for connections.
Version: '10.4.32-MariaDB'  socket: ''  port: 3306  mariadb.org binary distribution
2026-08-05 18:48:16 0 [Note] InnoDB: Buffer pool(s) load completed at 260805 18:48:16
2026-08-05 22:15:55 0 [Note] Starting MariaDB 10.4.32-MariaDB source revision c4143f909528e3fab0677a28631d10389354c491 as process 4388
2026-08-05 22:15:55 0 [Note] InnoDB: Mutexes and rw_locks use Windows interlocked functions
2026-08-05 22:15:55 0 [Note] InnoDB: Uses event mutexes
2026-08-05 22:15:55 0 [Note] InnoDB: Compressed tables use zlib 1.3
2026-08-05 22:15:55 0 [Note] InnoDB: Number of pools: 1
2026-08-05 22:15:55 0 [Note] InnoDB: Using SSE2 crc32 instructions
2026-08-05 22:15:55 0 [Note] InnoDB: Initializing buffer pool, total size = 128M, instances = 1, chunk size = 128M
2026-08-05 22:15:55 0 [Note] InnoDB: Completed initialization of buffer pool
2026-08-05 22:15:55 0 [Note] InnoDB: Starting crash recovery from checkpoint LSN=153519528
2026-08-05 22:15:56 0 [Note] InnoDB: 128 out of 128 rollback segments are active.
2026-08-05 22:15:56 0 [Note] InnoDB: Removed temporary tablespace data file: "ibtmp1"
2026-08-05 22:15:56 0 [Note] InnoDB: Creating shared tablespace for temporary tables
2026-08-05 22:15:56 0 [Note] InnoDB: Setting file '.\ibtmp1' size to 12 MB. Physically writing the file full; Please wait ...
2026-08-05 22:15:56 0 [Note] InnoDB: File '.\ibtmp1' size is now 12 MB.
2026-08-05 22:15:56 0 [Note] InnoDB: Waiting for purge to start
2026-08-05 22:15:56 0 [Note] InnoDB: 10.4.32 started; log sequence number 153519537; transaction id 165165
2026-08-05 22:15:56 0 [Note] InnoDB: Loading buffer pool(s) from c:\xampp\mysql\data\ib_buffer_pool
2026-08-05 22:15:56 0 [Note] Plugin 'FEEDBACK' is disabled.
2026-08-05 22:15:57 0 [Note] Server socket created on IP: '::'.
2026-08-05 22:15:57 0 [Note] Reading of all Master_info entries succeeded
2026-08-05 22:15:57 0 [Note] Added new Master_info '' to hash table
2026-08-05 22:15:57 0 [Note] mysql: ready for connections.
Version: '10.4.32-MariaDB'  socket: ''  port: 3306  mariadb.org binary distribution
2026-08-05 22:15:57 0 [Note] InnoDB: Buffer pool(s) load completed at 260805 22:15:57
2026-08-07 11:31:29 12 [Warning] Aborted connection 12 to db: 'e_archive' user: 'root' host: 'localhost' (Got an error reading communication packets)
2026-08-07 11:31:29 11 [Warning] Aborted connection 11 to db: 'e_archive' user: 'root' host: 'localhost' (Got an error reading communication packets)
2026-08-07 11:31:29 9 [Warning] Aborted connection 9 to db: 'e_archive' user: 'root' host: 'localhost' (Got an error reading communication packets)
2026-08-07 11:31:29 10 [Warning] Aborted connection 10 to db: 'e_archive' user: 'root' host: 'localhost' (Got an error reading communication packets)
2026-08-07 13:59:38 22 [Warning] Aborted connection 22 to db: 'e_archive' user: 'root' host: 'localhost' (Got an error reading communication packets)
2026-08-07 13:59:38 20 [Warning] Aborted connection 20 to db: 'e_archive' user: 'root' host: 'localhost' (Got an error reading communication packets)
2026-08-07 13:59:38 21 [Warning] Aborted connection 21 to db: 'e_archive' user: 'root' host: 'localhost' (Got an error reading communication packets)
2026-08-07 13:59:38 19 [Warning] Aborted connection 19 to db: 'e_archive' user: 'root' host: 'localhost' (Got an error reading communication packets)
2026-08-07 14:27:19 24 [Warning] Aborted connection 24 to db: 'e_archive' user: 'root' host: 'localhost' (Got an error reading communication packets)
2026-08-07 14:27:19 25 [Warning] Aborted connection 25 to db: 'e_archive' user: 'root' host: 'localhost' (Got an error reading communication packets)
2026-08-07 14:27:19 26 [Warning] Aborted connection 26 to db: 'e_archive' user: 'root' host: 'localhost' (Got an error reading communication packets)
2026-08-07 14:27:19 27 [Warning] Aborted connection 27 to db: 'e_archive' user: 'root' host: 'localhost' (Got an error reading communication packets)
2026-08-07 17:03:20 32 [Warning] Aborted connection 32 to db: 'e_archive' user: 'root' host: 'localhost' (Got an error reading communication packets)
2026-08-07 17:03:20 29 [Warning] Aborted connection 29 to db: 'e_archive' user: 'root' host: 'localhost' (Got an error reading communication packets)
2026-08-07 17:03:20 30 [Warning] Aborted connection 30 to db: 'e_archive' user: 'root' host: 'localhost' (Got an error reading communication packets)
2026-08-07 17:03:20 31 [Warning] Aborted connection 31 to db: 'e_archive' user: 'root' host: 'localhost' (Got an error reading communication packets)
2026-08-07 17:03:42 37 [Warning] Aborted connection 37 to db: 'e_archive' user: 'root' host: 'localhost' (Got an error reading communication packets)
2026-08-07 17:03:42 36 [Warning] Aborted connection 36 to db: 'e_archive' user: 'root' host: 'localhost' (Got an error reading communication packets)
2026-08-07 17:03:42 34 [Warning] Aborted connection 34 to db: 'e_archive' user: 'root' host: 'localhost' (Got an error reading communication packets)
2026-08-07 17:03:42 35 [Warning] Aborted connection 35 to db: 'e_archive' user: 'root' host: 'localhost' (Got an error reading communication packets)
2026-08-07 17:12:31 76 [Warning] Aborted connection 76 to db: 'e_archive' user: 'root' host: 'localhost' (Got an error reading communication packets)
2026-08-07 17:12:31 75 [Warning] Aborted connection 75 to db: 'e_archive' user: 'root' host: 'localhost' (Got an error reading communication packets)
2026-08-07 17:12:31 74 [Warning] Aborted connection 74 to db: 'e_archive' user: 'root' host: 'localhost' (Got an error reading communication packets)
2026-08-07 17:12:31 73 [Warning] Aborted connection 73 to db: 'e_archive' user: 'root' host: 'localhost' (Got an error reading communication packets)
2026-08-08  8:51:57 15 [Warning] Aborted connection 15 to db: 'e_archive' user: 'root' host: 'localhost' (Got timeout reading communication packets)
2026-08-08  8:51:57 81 [Warning] Aborted connection 81 to db: 'e_archive' user: 'root' host: 'localhost' (Got timeout reading communication packets)
2026-08-08  8:51:57 80 [Warning] Aborted connection 80 to db: 'e_archive' user: 'root' host: 'localhost' (Got timeout reading communication packets)
2026-08-08  8:51:57 16 [Warning] Aborted connection 16 to db: 'e_archive' user: 'root' host: 'localhost' (Got timeout reading communication packets)
2026-08-08  8:51:58 79 [Warning] Aborted connection 79 to db: 'e_archive' user: 'root' host: 'localhost' (Got timeout reading communication packets)
2026-08-08  8:51:58 78 [Warning] Aborted connection 78 to db: 'e_archive' user: 'root' host: 'localhost' (Got timeout reading communication packets)
2026-08-08  8:51:58 17 [Warning] Aborted connection 17 to db: 'e_archive' user: 'root' host: 'localhost' (Got timeout reading communication packets)
2026-08-08  8:51:58 14 [Warning] Aborted connection 14 to db: 'e_archive' user: 'root' host: 'localhost' (Got timeout reading communication packets)
2026-08-08  9:52:45 0 [Note] mysql (initiated by: unknown): Normal shutdown
2026-08-08  9:52:45 0 [Note] Event Scheduler: Purging the queue. 0 events
2026-08-08  9:52:46 0 [Note] InnoDB: FTS optimize thread exiting.
2026-08-08  9:52:46 0 [Note] InnoDB: Starting shutdown...
2026-08-08  9:52:46 0 [Note] InnoDB: Dumping buffer pool(s) to c:\xampp\mysql\data\ib_buffer_pool
2026-08-08  9:52:46 0 [Note] InnoDB: Buffer pool(s) dump completed at 260808  9:52:46
2026-08-08  9:52:47 0 [Note] InnoDB: Removed temporary tablespace data file: "ibtmp1"
2026-08-08  9:52:47 0 [Note] InnoDB: Shutdown completed; log sequence number 153620052; transaction id 165625
2026-08-08  9:52:47 0 [Note] mysql: Shutdown complete

2026-08-08  9:53:14 0 [Note] Starting MariaDB 10.4.32-MariaDB source revision c4143f909528e3fab0677a28631d10389354c491 as process 5228
2026-08-08  9:53:14 0 [Note] InnoDB: Mutexes and rw_locks use Windows interlocked functions
2026-08-08  9:53:14 0 [Note] InnoDB: Uses event mutexes
2026-08-08  9:53:14 0 [Note] InnoDB: Compressed tables use zlib 1.3
2026-08-08  9:53:14 0 [Note] InnoDB: Number of pools: 1
2026-08-08  9:53:14 0 [Note] InnoDB: Using SSE2 crc32 instructions
2026-08-08  9:53:14 0 [Note] InnoDB: Initializing buffer pool, total size = 128M, instances = 1, chunk size = 128M
2026-08-08  9:53:14 0 [Note] InnoDB: Completed initialization of buffer pool
2026-08-08  9:53:14 0 [Note] InnoDB: 128 out of 128 rollback segments are active.
2026-08-08  9:53:14 0 [Note] InnoDB: Creating shared tablespace for temporary tables
2026-08-08  9:53:14 0 [Note] InnoDB: Setting file '.\ibtmp1' size to 12 MB. Physically writing the file full; Please wait ...
2026-08-08  9:53:14 0 [Note] InnoDB: File '.\ibtmp1' size is now 12 MB.
2026-08-08  9:53:14 0 [Note] InnoDB: Waiting for purge to start
2026-08-08  9:53:14 0 [Note] InnoDB: 10.4.32 started; log sequence number 153620052; transaction id 165626
2026-08-08  9:53:14 0 [Note] InnoDB: Loading buffer pool(s) from c:\xampp\mysql\data\ib_buffer_pool
2026-08-08  9:53:14 0 [Note] Plugin 'FEEDBACK' is disabled.
2026-08-08  9:53:14 0 [Note] Server socket created on IP: '::'.
2026-08-08  9:53:14 0 [Note] Reading of all Master_info entries succeeded
2026-08-08  9:53:14 0 [Note] Added new Master_info '' to hash table
2026-08-08  9:53:14 0 [Note] mysql: ready for connections.
Version: '10.4.32-MariaDB'  socket: ''  port: 3306  mariadb.org binary distribution
2026-08-08  9:53:15 0 [Note] InnoDB: Buffer pool(s) load completed at 260808  9:53:15
2026-08-08 22:23:34 16 [Warning] Aborted connection 16 to db: 'e_archive' user: 'root' host: 'localhost' (Got an error reading communication packets)
2026-08-08 22:23:34 14 [Warning] Aborted connection 14 to db: 'e_archive' user: 'root' host: 'localhost' (Got an error reading communication packets)
2026-08-08 22:23:34 15 [Warning] Aborted connection 15 to db: 'e_archive' user: 'root' host: 'localhost' (Got an error reading communication packets)
2026-08-08 22:23:34 17 [Warning] Aborted connection 17 to db: 'e_archive' user: 'root' host: 'localhost' (Got an error reading communication packets)
2026-08-08 22:29:30 32 [Warning] Aborted connection 32 to db: 'e_archive' user: 'root' host: 'localhost' (Got an error reading communication packets)
2026-08-08 22:29:30 35 [Warning] Aborted connection 35 to db: 'e_archive' user: 'root' host: 'localhost' (Got an error reading communication packets)
2026-08-08 22:29:30 34 [Warning] Aborted connection 34 to db: 'e_archive' user: 'root' host: 'localhost' (Got an error reading communication packets)
2026-08-08 22:29:30 33 [Warning] Aborted connection 33 to db: 'e_archive' user: 'root' host: 'localhost' (Got an error reading communication packets)
2026-08-08 22:31:21 25 [Warning] Aborted connection 25 to db: 'e_archive' user: 'root' host: 'localhost' (Got an error reading communication packets)
2026-08-08 22:31:21 27 [Warning] Aborted connection 27 to db: 'e_archive' user: 'root' host: 'localhost' (Got an error reading communication packets)
2026-08-08 22:31:21 26 [Warning] Aborted connection 26 to db: 'e_archive' user: 'root' host: 'localhost' (Got an error reading communication packets)
2026-08-08 22:31:21 28 [Warning] Aborted connection 28 to db: 'e_archive' user: 'root' host: 'localhost' (Got an error reading communication packets)
2026-08-08 22:37:10 39 [Warning] Aborted connection 39 to db: 'e_archive' user: 'root' host: 'localhost' (Got an error reading communication packets)
2026-08-08 22:37:10 37 [Warning] Aborted connection 37 to db: 'e_archive' user: 'root' host: 'localhost' (Got an error reading communication packets)
2026-08-08 22:37:10 40 [Warning] Aborted connection 40 to db: 'e_archive' user: 'root' host: 'localhost' (Got an error reading communication packets)
2026-08-08 22:37:10 38 [Warning] Aborted connection 38 to db: 'e_archive' user: 'root' host: 'localhost' (Got an error reading communication packets)
2026-08-09  0:49:37 12 [Warning] Aborted connection 12 to db: 'e_archive' user: 'root' host: 'localhost' (Got an error reading communication packets)
2026-08-09  0:49:37 11 [Warning] Aborted connection 11 to db: 'e_archive' user: 'root' host: 'localhost' (Got an error reading communication packets)
2026-08-09  0:49:37 10 [Warning] Aborted connection 10 to db: 'e_archive' user: 'root' host: 'localhost' (Got an error reading communication packets)
2026-08-09  0:49:37 9 [Warning] Aborted connection 9 to db: 'e_archive' user: 'root' host: 'localhost' (Got an error reading communication packets)
2026-08-09 16:33:48 45 [Warning] Aborted connection 45 to db: 'e_archive' user: 'root' host: 'localhost' (Got an error reading communication packets)
2026-08-09 16:33:48 44 [Warning] Aborted connection 44 to db: 'e_archive' user: 'root' host: 'localhost' (Got an error reading communication packets)
2026-08-09 16:33:48 43 [Warning] Aborted connection 43 to db: 'e_archive' user: 'root' host: 'localhost' (Got an error reading communication packets)
2026-08-09 16:33:48 42 [Warning] Aborted connection 42 to db: 'e_archive' user: 'root' host: 'localhost' (Got an error reading communication packets)
2026-08-09 18:02:07 55 [Warning] Aborted connection 55 to db: 'e_archive' user: 'root' host: 'localhost' (Got an error reading communication packets)
2026-08-09 18:02:07 54 [Warning] Aborted connection 54 to db: 'e_archive' user: 'root' host: 'localhost' (Got an error reading communication packets)
2026-08-09 18:02:07 57 [Warning] Aborted connection 57 to db: 'e_archive' user: 'root' host: 'localhost' (Got an error reading communication packets)
2026-08-09 18:02:07 56 [Warning] Aborted connection 56 to db: 'e_archive' user: 'root' host: 'localhost' (Got an error reading communication packets)
2026-08-09 18:04:34 52 [Warning] Aborted connection 52 to db: 'e_archive' user: 'root' host: 'localhost' (Got an error reading communication packets)
2026-08-09 18:04:34 49 [Warning] Aborted connection 49 to db: 'e_archive' user: 'root' host: 'localhost' (Got an error reading communication packets)
2026-08-09 18:04:34 50 [Warning] Aborted connection 50 to db: 'e_archive' user: 'root' host: 'localhost' (Got an error reading communication packets)
2026-08-09 18:04:34 51 [Warning] Aborted connection 51 to db: 'e_archive' user: 'root' host: 'localhost' (Got an error reading communication packets)
2026-08-09 18:06:26 59 [Warning] Aborted connection 59 to db: 'e_archive' user: 'root' host: 'localhost' (Got an error reading communication packets)
2026-08-09 18:06:26 60 [Warning] Aborted connection 60 to db: 'e_archive' user: 'root' host: 'localhost' (Got an error reading communication packets)
2026-08-09 18:06:26 61 [Warning] Aborted connection 61 to db: 'e_archive' user: 'root' host: 'localhost' (Got an error reading communication packets)
2026-08-09 18:06:26 62 [Warning] Aborted connection 62 to db: 'e_archive' user: 'root' host: 'localhost' (Got an error reading communication packets)
2026-08-09 18:14:37 72 [Warning] Aborted connection 72 to db: 'e_archive' user: 'root' host: 'localhost' (Got an error reading communication packets)
2026-08-09 18:14:37 71 [Warning] Aborted connection 71 to db: 'e_archive' user: 'root' host: 'localhost' (Got an error reading communication packets)
2026-08-09 18:14:37 70 [Warning] Aborted connection 70 to db: 'e_archive' user: 'root' host: 'localhost' (Got an error reading communication packets)
2026-08-09 18:14:37 69 [Warning] Aborted connection 69 to db: 'e_archive' user: 'root' host: 'localhost' (Got an error reading communication packets)
2026-08-09 21:46:05 64 [Warning] Aborted connection 64 to db: 'e_archive' user: 'root' host: 'localhost' (Got an error reading communication packets)
2026-08-09 21:46:05 67 [Warning] Aborted connection 67 to db: 'e_archive' user: 'root' host: 'localhost' (Got an error reading communication packets)
2026-08-09 21:46:05 66 [Warning] Aborted connection 66 to db: 'e_archive' user: 'root' host: 'localhost' (Got an error reading communication packets)
2026-08-09 21:46:05 65 [Warning] Aborted connection 65 to db: 'e_archive' user: 'root' host: 'localhost' (Got an error reading communication packets)
2026-08-14  1:15:30 76 [Warning] Aborted connection 76 to db: 'e_archive' user: 'root' host: 'localhost' (Got an error reading communication packets)
2026-08-14  1:15:30 77 [Warning] Aborted connection 77 to db: 'e_archive' user: 'root' host: 'localhost' (Got an error reading communication packets)
2026-08-14  1:15:30 74 [Warning] Aborted connection 74 to db: 'e_archive' user: 'root' host: 'localhost' (Got an error reading communication packets)
2026-08-14  1:15:30 75 [Warning] Aborted connection 75 to db: 'e_archive' user: 'root' host: 'localhost' (Got an error reading communication packets)
2026-08-14  1:22:44 79 [Warning] Aborted connection 79 to db: 'e_archive' user: 'root' host: 'localhost' (Got an error reading communication packets)
2026-08-14  1:22:44 82 [Warning] Aborted connection 82 to db: 'e_archive' user: 'root' host: 'localhost' (Got an error reading communication packets)
2026-08-14  1:22:44 81 [Warning] Aborted connection 81 to db: 'e_archive' user: 'root' host: 'localhost' (Got an error reading communication packets)
2026-08-14  1:22:44 80 [Warning] Aborted connection 80 to db: 'e_archive' user: 'root' host: 'localhost' (Got an error reading communication packets)
2026-08-14  8:12:14 0 [Note] Starting MariaDB 10.4.32-MariaDB source revision c4143f909528e3fab0677a28631d10389354c491 as process 6096
2026-08-14  8:12:14 0 [Note] InnoDB: Mutexes and rw_locks use Windows interlocked functions
2026-08-14  8:12:14 0 [Note] InnoDB: Uses event mutexes
2026-08-14  8:12:14 0 [Note] InnoDB: Compressed tables use zlib 1.3
2026-08-14  8:12:14 0 [Note] InnoDB: Number of pools: 1
2026-08-14  8:12:14 0 [Note] InnoDB: Using SSE2 crc32 instructions
2026-08-14  8:12:14 0 [Note] InnoDB: Initializing buffer pool, total size = 128M, instances = 1, chunk size = 128M
2026-08-14  8:12:14 0 [Note] InnoDB: Completed initialization of buffer pool
2026-08-14  8:12:14 0 [Note] InnoDB: Starting crash recovery from checkpoint LSN=153708609
2026-08-14  8:12:15 0 [Note] InnoDB: 128 out of 128 rollback segments are active.
2026-08-14  8:12:15 0 [Note] InnoDB: Removed temporary tablespace data file: "ibtmp1"
2026-08-14  8:12:15 0 [Note] InnoDB: Creating shared tablespace for temporary tables
2026-08-14  8:12:15 0 [Note] InnoDB: Setting file '.\ibtmp1' size to 12 MB. Physically writing the file full; Please wait ...
2026-08-14  8:12:15 0 [Note] InnoDB: File '.\ibtmp1' size is now 12 MB.
2026-08-14  8:12:15 0 [Note] InnoDB: Waiting for purge to start
2026-08-14  8:12:15 0 [Note] InnoDB: 10.4.32 started; log sequence number 153708618; transaction id 166361
2026-08-14  8:12:16 0 [Note] InnoDB: Loading buffer pool(s) from c:\xampp\mysql\data\ib_buffer_pool
2026-08-14  8:12:16 0 [Note] Plugin 'FEEDBACK' is disabled.
2026-08-14  8:12:16 0 [Note] Server socket created on IP: '::'.
2026-08-14  8:12:16 0 [Note] Reading of all Master_info entries succeeded
2026-08-14  8:12:16 0 [Note] Added new Master_info '' to hash table
2026-08-14  8:12:16 0 [Note] mysql: ready for connections.
Version: '10.4.32-MariaDB'  socket: ''  port: 3306  mariadb.org binary distribution
2026-08-14  8:12:17 0 [Note] InnoDB: Buffer pool(s) load completed at 260814  8:12:17
2026-08-14  8:13:34 0 [Note] mysql (initiated by: unknown): Normal shutdown
2026-08-14  8:13:34 0 [Note] Event Scheduler: Purging the queue. 0 events
2026-08-14  8:13:34 0 [Note] InnoDB: FTS optimize thread exiting.
2026-08-14  8:13:34 0 [Note] InnoDB: Starting shutdown...
2026-08-14  8:13:34 0 [Note] InnoDB: Dumping buffer pool(s) to c:\xampp\mysql\data\ib_buffer_pool
2026-08-14  8:13:34 0 [Note] InnoDB: Buffer pool(s) dump completed at 260814  8:13:34
2026-08-14  8:13:36 0 [Note] InnoDB: Removed temporary tablespace data file: "ibtmp1"
2026-08-14  8:13:36 0 [Note] InnoDB: Shutdown completed; log sequence number 153708636; transaction id 166362
2026-08-14  8:13:36 0 [Note] mysql: Shutdown complete

2026-08-14  8:14:08 0 [Note] Starting MariaDB 10.4.32-MariaDB source revision c4143f909528e3fab0677a28631d10389354c491 as process 5704
2026-08-14  8:14:08 0 [Note] InnoDB: Mutexes and rw_locks use Windows interlocked functions
2026-08-14  8:14:08 0 [Note] InnoDB: Uses event mutexes
2026-08-14  8:14:08 0 [Note] InnoDB: Compressed tables use zlib 1.3
2026-08-14  8:14:08 0 [Note] InnoDB: Number of pools: 1
2026-08-14  8:14:08 0 [Note] InnoDB: Using SSE2 crc32 instructions
2026-08-14  8:14:08 0 [Note] InnoDB: Initializing buffer pool, total size = 128M, instances = 1, chunk size = 128M
2026-08-14  8:14:08 0 [Note] InnoDB: Completed initialization of buffer pool
2026-08-14  8:14:08 0 [Note] InnoDB: 128 out of 128 rollback segments are active.
2026-08-14  8:14:08 0 [Note] InnoDB: Creating shared tablespace for temporary tables
2026-08-14  8:14:08 0 [Note] InnoDB: Setting file '.\ibtmp1' size to 12 MB. Physically writing the file full; Please wait ...
2026-08-14  8:14:08 0 [Note] InnoDB: File '.\ibtmp1' size is now 12 MB.
2026-08-14  8:14:08 0 [Note] InnoDB: Waiting for purge to start
2026-08-14  8:14:09 0 [Note] InnoDB: 10.4.32 started; log sequence number 153708636; transaction id 166361
2026-08-14  8:14:09 0 [Note] InnoDB: Loading buffer pool(s) from c:\xampp\mysql\data\ib_buffer_pool
2026-08-14  8:14:09 0 [Note] Plugin 'FEEDBACK' is disabled.
2026-08-14  8:14:09 0 [Note] Server socket created on IP: '::'.
2026-08-14  8:14:09 0 [Note] Reading of all Master_info entries succeeded
2026-08-14  8:14:09 0 [Note] Added new Master_info '' to hash table
2026-08-14  8:14:09 0 [Note] mysql: ready for connections.
Version: '10.4.32-MariaDB'  socket: ''  port: 3306  mariadb.org binary distribution
2026-08-14  8:14:09 0 [Note] InnoDB: Buffer pool(s) load completed at 260814  8:14:09
2026-08-14  8:14:20 0 [Note] mysql (initiated by: unknown): Normal shutdown
2026-08-14  8:14:20 0 [Note] Event Scheduler: Purging the queue. 0 events
2026-08-14  8:14:20 0 [Note] InnoDB: FTS optimize thread exiting.
2026-08-14  8:14:20 0 [Note] InnoDB: Starting shutdown...
2026-08-14  8:14:20 0 [Note] InnoDB: Dumping buffer pool(s) to c:\xampp\mysql\data\ib_buffer_pool
2026-08-14  8:14:20 0 [Note] InnoDB: Buffer pool(s) dump completed at 260814  8:14:20
2026-08-14  8:14:21 0 [Note] InnoDB: Removed temporary tablespace data file: "ibtmp1"
2026-08-14  8:14:21 0 [Note] InnoDB: Shutdown completed; log sequence number 153708645; transaction id 166362
2026-08-14  8:14:21 0 [Note] mysql: Shutdown complete

2026-08-14  8:14:54 0 [Note] Starting MariaDB 10.4.32-MariaDB source revision c4143f909528e3fab0677a28631d10389354c491 as process 6096
2026-08-14  8:14:54 0 [Note] InnoDB: Mutexes and rw_locks use Windows interlocked functions
2026-08-14  8:14:54 0 [Note] InnoDB: Uses event mutexes
2026-08-14  8:14:54 0 [Note] InnoDB: Compressed tables use zlib 1.3
2026-08-14  8:14:54 0 [Note] InnoDB: Number of pools: 1
2026-08-14  8:14:54 0 [Note] InnoDB: Using SSE2 crc32 instructions
2026-08-14  8:14:54 0 [Note] InnoDB: Initializing buffer pool, total size = 128M, instances = 1, chunk size = 128M
2026-08-14  8:14:54 0 [Note] InnoDB: Completed initialization of buffer pool
2026-08-14  8:14:55 0 [Note] InnoDB: 128 out of 128 rollback segments are active.
2026-08-14  8:14:55 0 [Note] InnoDB: Creating shared tablespace for temporary tables
2026-08-14  8:14:55 0 [Note] InnoDB: Setting file '.\ibtmp1' size to 12 MB. Physically writing the file full; Please wait ...
2026-08-14  8:14:55 0 [Note] InnoDB: File '.\ibtmp1' size is now 12 MB.
2026-08-14  8:14:55 0 [Note] InnoDB: Waiting for purge to start
2026-08-14  8:14:55 0 [Note] InnoDB: 10.4.32 started; log sequence number 153708645; transaction id 166361
2026-08-14  8:14:55 0 [Note] InnoDB: Loading buffer pool(s) from c:\xampp\mysql\data\ib_buffer_pool
2026-08-14  8:14:55 0 [Note] Plugin 'FEEDBACK' is disabled.
2026-08-14  8:14:55 0 [Note] Server socket created on IP: '::'.
2026-08-14  8:14:55 0 [Note] Reading of all Master_info entries succeeded
2026-08-14  8:14:55 0 [Note] Added new Master_info '' to hash table
2026-08-14  8:14:55 0 [Note] mysql: ready for connections.
Version: '10.4.32-MariaDB'  socket: ''  port: 3306  mariadb.org binary distribution
2026-08-14  8:14:55 0 [Note] InnoDB: Buffer pool(s) load completed at 260814  8:14:55
2026-08-14 22:28:51 14 [Warning] Aborted connection 14 to db: 'e_archive' user: 'root' host: 'localhost' (Got an error reading communication packets)
2026-08-14 22:28:51 17 [Warning] Aborted connection 17 to db: 'e_archive' user: 'root' host: 'localhost' (Got an error reading communication packets)
2026-08-14 22:28:51 16 [Warning] Aborted connection 16 to db: 'e_archive' user: 'root' host: 'localhost' (Got an error reading communication packets)
2026-08-14 22:28:51 15 [Warning] Aborted connection 15 to db: 'e_archive' user: 'root' host: 'localhost' (Got an error reading communication packets)
2026-08-14 22:29:04 9 [Warning] Aborted connection 9 to db: 'e_archive' user: 'root' host: 'localhost' (Got an error reading communication packets)
2026-08-14 22:29:04 12 [Warning] Aborted connection 12 to db: 'e_archive' user: 'root' host: 'localhost' (Got an error reading communication packets)
2026-08-14 22:29:04 10 [Warning] Aborted connection 10 to db: 'e_archive' user: 'root' host: 'localhost' (Got an error reading communication packets)
2026-08-14 22:29:04 11 [Warning] Aborted connection 11 to db: 'e_archive' user: 'root' host: 'localhost' (Got an error reading communication packets)
2026-08-15 21:39:56 275 [Warning] Access denied for user 'root'@'localhost' (using password: YES)
2026-08-15 21:40:34 276 [Warning] Access denied for user 'root'@'localhost' (using password: YES)
2026-08-15 21:42:25 280 [Warning] Access denied for user 'root'@'localhost' (using password: YES)
2026-08-15 21:43:05 295 [Warning] Access denied for user 'root'@'localhost' (using password: YES)
2026-08-16 10:00:40 345 [Warning] Aborted connection 345 to db: 'unconnected' user: 'unauthenticated' host: 'localhost' (Got an error reading communication packets)
2026-08-16 10:00:40 345 [Warning] Aborted connection 345 to db: 'unconnected' user: 'unauthenticated' host: 'localhost' (This connection closed normally without authentication)
2026-08-16 11:26:41 370 [Warning] Aborted connection 370 to db: 'e_archive' user: 'root' host: 'localhost' (Got an error reading communication packets)
2026-08-16 11:26:41 368 [Warning] Aborted connection 368 to db: 'e_archive' user: 'root' host: 'localhost' (Got an error reading communication packets)
2026-08-16 11:26:41 371 [Warning] Aborted connection 371 to db: 'e_archive' user: 'root' host: 'localhost' (Got an error reading communication packets)
2026-08-16 11:26:41 369 [Warning] Aborted connection 369 to db: 'e_archive' user: 'root' host: 'localhost' (Got an error reading communication packets)
2026-08-16 11:28:04 373 [Warning] Aborted connection 373 to db: 'e_archive' user: 'root' host: 'localhost' (Got an error reading communication packets)
2026-08-16 11:28:04 374 [Warning] Aborted connection 374 to db: 'e_archive' user: 'root' host: 'localhost' (Got an error reading communication packets)
2026-08-16 11:28:04 375 [Warning] Aborted connection 375 to db: 'e_archive' user: 'root' host: 'localhost' (Got an error reading communication packets)
2026-08-16 11:28:04 376 [Warning] Aborted connection 376 to db: 'e_archive' user: 'root' host: 'localhost' (Got an error reading communication packets)
2026-08-16 11:28:43 380 [Warning] Aborted connection 380 to db: 'e_archive' user: 'root' host: 'localhost' (Got an error reading communication packets)
2026-08-16 11:28:43 379 [Warning] Aborted connection 379 to db: 'e_archive' user: 'root' host: 'localhost' (Got an error reading communication packets)
2026-08-16 11:28:43 378 [Warning] Aborted connection 378 to db: 'e_archive' user: 'root' host: 'localhost' (Got an error reading communication packets)
2026-08-16 11:28:43 381 [Warning] Aborted connection 381 to db: 'e_archive' user: 'root' host: 'localhost' (Got an error reading communication packets)
2026-08-16 11:37:32 426 [Warning] Aborted connection 426 to db: 'e_archive' user: 'root' host: 'localhost' (Got an error reading communication packets)
2026-08-16 11:37:32 423 [Warning] Aborted connection 423 to db: 'e_archive' user: 'root' host: 'localhost' (Got an error reading communication packets)
2026-08-16 11:37:32 424 [Warning] Aborted connection 424 to db: 'e_archive' user: 'root' host: 'localhost' (Got an error reading communication packets)
2026-08-16 11:37:32 425 [Warning] Aborted connection 425 to db: 'e_archive' user: 'root' host: 'localhost' (Got an error reading communication packets)
2026-08-16 11:39:33 428 [Warning] Aborted connection 428 to db: 'e_archive' user: 'root' host: 'localhost' (Got an error reading communication packets)
2026-08-16 11:39:33 429 [Warning] Aborted connection 429 to db: 'e_archive' user: 'root' host: 'localhost' (Got an error reading communication packets)
2026-08-16 11:39:33 430 [Warning] Aborted connection 430 to db: 'e_archive' user: 'root' host: 'localhost' (Got an error reading communication packets)
2026-08-16 11:39:33 431 [Warning] Aborted connection 431 to db: 'e_archive' user: 'root' host: 'localhost' (Got an error reading communication packets)
2026-08-16 15:42:23 419 [Warning] Aborted connection 419 to db: 'e_archive' user: 'root' host: 'localhost' (Got an error reading communication packets)
2026-08-16 15:42:23 416 [Warning] Aborted connection 416 to db: 'e_archive' user: 'root' host: 'localhost' (Got an error reading communication packets)
2026-08-16 15:42:23 418 [Warning] Aborted connection 418 to db: 'e_archive' user: 'root' host: 'localhost' (Got an error reading communication packets)
2026-08-16 15:42:23 417 [Warning] Aborted connection 417 to db: 'e_archive' user: 'root' host: 'localhost' (Got an error reading communication packets)
2026-08-16 16:22:00 414 [Warning] Aborted connection 414 to db: 'e_archive' user: 'root' host: 'localhost' (Got an error reading communication packets)
2026-08-16 16:22:00 411 [Warning] Aborted connection 411 to db: 'e_archive' user: 'root' host: 'localhost' (Got an error reading communication packets)
2026-08-16 16:22:00 412 [Warning] Aborted connection 412 to db: 'e_archive' user: 'root' host: 'localhost' (Got an error reading communication packets)
2026-08-16 16:22:00 413 [Warning] Aborted connection 413 to db: 'e_archive' user: 'root' host: 'localhost' (Got an error reading communication packets)
2026-08-17 19:16:14 0 [Note] Starting MariaDB 10.4.32-MariaDB source revision c4143f909528e3fab0677a28631d10389354c491 as process 5552
2026-08-17 19:16:14 0 [Note] InnoDB: Mutexes and rw_locks use Windows interlocked functions
2026-08-17 19:16:14 0 [Note] InnoDB: Uses event mutexes
2026-08-17 19:16:14 0 [Note] InnoDB: Compressed tables use zlib 1.3
2026-08-17 19:16:14 0 [Note] InnoDB: Number of pools: 1
2026-08-17 19:16:14 0 [Note] InnoDB: Using SSE2 crc32 instructions
2026-08-17 19:16:14 0 [Note] InnoDB: Initializing buffer pool, total size = 128M, instances = 1, chunk size = 128M
2026-08-17 19:16:14 0 [Note] InnoDB: Completed initialization of buffer pool
2026-08-17 19:16:14 0 [Note] InnoDB: Starting crash recovery from checkpoint LSN=164250218
2026-08-17 19:16:15 0 [Note] InnoDB: 128 out of 128 rollback segments are active.
2026-08-17 19:16:15 0 [Note] InnoDB: Removed temporary tablespace data file: "ibtmp1"
2026-08-17 19:16:15 0 [Note] InnoDB: Creating shared tablespace for temporary tables
2026-08-17 19:16:15 0 [Note] InnoDB: Setting file '.\ibtmp1' size to 12 MB. Physically writing the file full; Please wait ...
2026-08-17 19:16:15 0 [Note] InnoDB: File '.\ibtmp1' size is now 12 MB.
2026-08-17 19:16:15 0 [Note] InnoDB: Waiting for purge to start
2026-08-17 19:16:15 0 [Note] InnoDB: 10.4.32 started; log sequence number 164250227; transaction id 173379
2026-08-17 19:16:15 0 [Note] InnoDB: Loading buffer pool(s) from c:\xampp\mysql\data\ib_buffer_pool
2026-08-17 19:16:15 0 [Note] Plugin 'FEEDBACK' is disabled.
2026-08-17 19:16:15 0 [Note] Server socket created on IP: '::'.
2026-08-17 19:16:15 0 [Note] Reading of all Master_info entries succeeded
2026-08-17 19:16:15 0 [Note] Added new Master_info '' to hash table
2026-08-17 19:16:15 0 [Note] mysql: ready for connections.
Version: '10.4.32-MariaDB'  socket: ''  port: 3306  mariadb.org binary distribution
2026-08-17 19:16:15 0 [Note] InnoDB: Buffer pool(s) load completed at 260817 19:16:15
2026-08-18 13:24:49 0 [Note] Starting MariaDB 10.4.32-MariaDB source revision c4143f909528e3fab0677a28631d10389354c491 as process 4536
2026-08-18 13:24:50 0 [Note] InnoDB: Mutexes and rw_locks use Windows interlocked functions
2026-08-18 13:24:50 0 [Note] InnoDB: Uses event mutexes
2026-08-18 13:24:50 0 [Note] InnoDB: Compressed tables use zlib 1.3
2026-08-18 13:24:50 0 [Note] InnoDB: Number of pools: 1
2026-08-18 13:24:50 0 [Note] InnoDB: Using SSE2 crc32 instructions
2026-08-18 13:24:50 0 [Note] InnoDB: Initializing buffer pool, total size = 128M, instances = 1, chunk size = 128M
2026-08-18 13:24:50 0 [Note] InnoDB: Completed initialization of buffer pool
2026-08-18 13:24:50 0 [Note] InnoDB: Starting crash recovery from checkpoint LSN=165869307
2026-08-18 13:24:52 0 [Note] InnoDB: 128 out of 128 rollback segments are active.
2026-08-18 13:24:52 0 [Note] InnoDB: Removed temporary tablespace data file: "ibtmp1"
2026-08-18 13:24:52 0 [Note] InnoDB: Creating shared tablespace for temporary tables
2026-08-18 13:24:52 0 [Note] InnoDB: Setting file '.\ibtmp1' size to 12 MB. Physically writing the file full; Please wait ...
2026-08-18 13:24:52 0 [Note] InnoDB: File '.\ibtmp1' size is now 12 MB.
2026-08-18 13:24:52 0 [Note] InnoDB: Waiting for purge to start
2026-08-18 13:24:52 0 [Note] InnoDB: 10.4.32 started; log sequence number 165869316; transaction id 174383
2026-08-18 13:24:52 0 [Note] InnoDB: Loading buffer pool(s) from c:\xampp\mysql\data\ib_buffer_pool
2026-08-18 13:24:52 0 [Note] Plugin 'FEEDBACK' is disabled.
2026-08-18 13:24:52 0 [Note] Server socket created on IP: '::'.
2026-08-18 13:24:52 0 [Note] Reading of all Master_info entries succeeded
2026-08-18 13:24:52 0 [Note] Added new Master_info '' to hash table
2026-08-18 13:24:52 0 [Note] mysql: ready for connections.
Version: '10.4.32-MariaDB'  socket: ''  port: 3306  mariadb.org binary distribution
2026-08-18 13:24:52 0 [Note] InnoDB: Buffer pool(s) load completed at 260818 13:24:52
2026-08-18 14:20:05 9 [Warning] Aborted connection 9 to db: 'test_tourist' user: 'root' host: 'localhost' (Got an error reading communication packets)
2026-08-20  8:46:00 0 [Note] Starting MariaDB 10.4.32-MariaDB source revision c4143f909528e3fab0677a28631d10389354c491 as process 5016
2026-08-20  8:46:00 0 [Note] InnoDB: Mutexes and rw_locks use Windows interlocked functions
2026-08-20  8:46:00 0 [Note] InnoDB: Uses event mutexes
2026-08-20  8:46:00 0 [Note] InnoDB: Compressed tables use zlib 1.3
2026-08-20  8:46:00 0 [Note] InnoDB: Number of pools: 1
2026-08-20  8:46:00 0 [Note] InnoDB: Using SSE2 crc32 instructions
2026-08-20  8:46:00 0 [Note] InnoDB: Initializing buffer pool, total size = 128M, instances = 1, chunk size = 128M
2026-08-20  8:46:00 0 [Note] InnoDB: Completed initialization of buffer pool
2026-08-20  8:46:00 0 [Note] InnoDB: Starting crash recovery from checkpoint LSN=167400260
2026-08-20  8:46:01 0 [Note] InnoDB: 128 out of 128 rollback segments are active.
2026-08-20  8:46:01 0 [Note] InnoDB: Removed temporary tablespace data file: "ibtmp1"
2026-08-20  8:46:01 0 [Note] InnoDB: Creating shared tablespace for temporary tables
2026-08-20  8:46:01 0 [Note] InnoDB: Setting file '.\ibtmp1' size to 12 MB. Physically writing the file full; Please wait ...
2026-08-20  8:46:01 0 [Note] InnoDB: File '.\ibtmp1' size is now 12 MB.
2026-08-20  8:46:01 0 [Note] InnoDB: Waiting for purge to start
2026-08-20  8:46:01 0 [Note] InnoDB: 10.4.32 started; log sequence number 167400269; transaction id 175298
2026-08-20  8:46:01 0 [Note] InnoDB: Loading buffer pool(s) from c:\xampp\mysql\data\ib_buffer_pool
2026-08-20  8:46:01 0 [Note] Plugin 'FEEDBACK' is disabled.
2026-08-20  8:46:01 0 [Note] Server socket created on IP: '::'.
2026-08-20  8:46:01 0 [Note] Reading of all Master_info entries succeeded
2026-08-20  8:46:01 0 [Note] Added new Master_info '' to hash table
2026-08-20  8:46:01 0 [Note] mysql: ready for connections.
Version: '10.4.32-MariaDB'  socket: ''  port: 3306  mariadb.org binary distribution
2026-08-20  8:46:01 0 [Note] InnoDB: Buffer pool(s) load completed at 260820  8:46:01
2026-08-21 19:00:29 0 [Note] Starting MariaDB 10.4.32-MariaDB source revision c4143f909528e3fab0677a28631d10389354c491 as process 5480
2026-08-21 19:00:30 0 [Note] InnoDB: Mutexes and rw_locks use Windows interlocked functions
2026-08-21 19:00:30 0 [Note] InnoDB: Uses event mutexes
2026-08-21 19:00:30 0 [Note] InnoDB: Compressed tables use zlib 1.3
2026-08-21 19:00:30 0 [Note] InnoDB: Number of pools: 1
2026-08-21 19:00:30 0 [Note] InnoDB: Using SSE2 crc32 instructions
2026-08-21 19:00:30 0 [Note] InnoDB: Initializing buffer pool, total size = 128M, instances = 1, chunk size = 128M
2026-08-21 19:00:30 0 [Note] InnoDB: Completed initialization of buffer pool
2026-08-21 19:00:30 0 [Note] InnoDB: Starting crash recovery from checkpoint LSN=167400278
2026-08-21 19:00:30 0 [Note] InnoDB: 128 out of 128 rollback segments are active.
2026-08-21 19:00:30 0 [Note] InnoDB: Removed temporary tablespace data file: "ibtmp1"
2026-08-21 19:00:30 0 [Note] InnoDB: Creating shared tablespace for temporary tables
2026-08-21 19:00:30 0 [Note] InnoDB: Setting file '.\ibtmp1' size to 12 MB. Physically writing the file full; Please wait ...
2026-08-21 19:00:30 0 [Note] InnoDB: File '.\ibtmp1' size is now 12 MB.
2026-08-21 19:00:30 0 [Note] InnoDB: Waiting for purge to start
2026-08-21 19:00:30 0 [Note] InnoDB: 10.4.32 started; log sequence number 167400287; transaction id 175298
2026-08-21 19:00:30 0 [Note] InnoDB: Loading buffer pool(s) from c:\xampp\mysql\data\ib_buffer_pool
2026-08-21 19:00:30 0 [Note] Plugin 'FEEDBACK' is disabled.
2026-08-21 19:00:30 0 [Note] Server socket created on IP: '::'.
2026-08-21 19:00:30 0 [Note] Reading of all Master_info entries succeeded
2026-08-21 19:00:30 0 [Note] Added new Master_info '' to hash table
2026-08-21 19:00:30 0 [Note] mysql: ready for connections.
Version: '10.4.32-MariaDB'  socket: ''  port: 3306  mariadb.org binary distribution
2026-08-21 19:00:31 0 [Note] InnoDB: Buffer pool(s) load completed at 260821 19:00:31
2026-08-24 11:45:28 0 [Note] Starting MariaDB 10.4.32-MariaDB source revision c4143f909528e3fab0677a28631d10389354c491 as process 5332
2026-08-24 11:45:28 0 [Note] InnoDB: Mutexes and rw_locks use Windows interlocked functions
2026-08-24 11:45:28 0 [Note] InnoDB: Uses event mutexes
2026-08-24 11:45:28 0 [Note] InnoDB: Compressed tables use zlib 1.3
2026-08-24 11:45:28 0 [Note] InnoDB: Number of pools: 1
2026-08-24 11:45:28 0 [Note] InnoDB: Using SSE2 crc32 instructions
2026-08-24 11:45:28 0 [Note] InnoDB: Initializing buffer pool, total size = 128M, instances = 1, chunk size = 128M
2026-08-24 11:45:28 0 [Note] InnoDB: Completed initialization of buffer pool
2026-08-24 11:45:28 0 [Note] InnoDB: Starting crash recovery from checkpoint LSN=167401036
2026-08-24 11:45:29 0 [Note] InnoDB: 128 out of 128 rollback segments are active.
2026-08-24 11:45:29 0 [Note] InnoDB: Removed temporary tablespace data file: "ibtmp1"
2026-08-24 11:45:29 0 [Note] InnoDB: Creating shared tablespace for temporary tables
2026-08-24 11:45:29 0 [Note] InnoDB: Setting file '.\ibtmp1' size to 12 MB. Physically writing the file full; Please wait ...
2026-08-24 11:45:29 0 [Note] InnoDB: File '.\ibtmp1' size is now 12 MB.
2026-08-24 11:45:29 0 [Note] InnoDB: Waiting for purge to start
2026-08-24 11:45:29 0 [Note] InnoDB: 10.4.32 started; log sequence number 167401045; transaction id 175323
2026-08-24 11:45:29 0 [Note] InnoDB: Loading buffer pool(s) from c:\xampp\mysql\data\ib_buffer_pool
2026-08-24 11:45:29 0 [Note] Plugin 'FEEDBACK' is disabled.
2026-08-24 11:45:29 0 [Note] Server socket created on IP: '::'.
2026-08-24 11:45:29 0 [Note] Reading of all Master_info entries succeeded
2026-08-24 11:45:29 0 [Note] Added new Master_info '' to hash table
2026-08-24 11:45:29 0 [Note] mysql: ready for connections.
Version: '10.4.32-MariaDB'  socket: ''  port: 3306  mariadb.org binary distribution
2026-08-24 11:45:29 0 [Note] InnoDB: Buffer pool(s) load completed at 260824 11:45:29
2026-08-24 12:09:02 0 [Note] mysql (initiated by: unknown): Normal shutdown
2026-08-24 12:09:02 0 [Note] Event Scheduler: Purging the queue. 0 events
2026-08-24 12:09:02 0 [Note] InnoDB: FTS optimize thread exiting.
2026-08-24 12:09:02 0 [Note] InnoDB: Starting shutdown...
2026-08-24 12:09:02 0 [Note] InnoDB: Dumping buffer pool(s) to c:\xampp\mysql\data\ib_buffer_pool
2026-08-24 12:09:02 0 [Note] InnoDB: Buffer pool(s) dump completed at 260824 12:09:02
2026-08-24 12:09:03 0 [Note] InnoDB: Removed temporary tablespace data file: "ibtmp1"
2026-08-24 12:09:03 0 [Note] InnoDB: Shutdown completed; log sequence number 167401063; transaction id 175324
2026-08-24 12:09:03 0 [Note] mysql: Shutdown complete

2026-08-24 12:09:39 0 [Note] Starting MariaDB 10.4.32-MariaDB source revision c4143f909528e3fab0677a28631d10389354c491 as process 5416
2026-08-24 12:09:39 0 [Note] InnoDB: Mutexes and rw_locks use Windows interlocked functions
2026-08-24 12:09:39 0 [Note] InnoDB: Uses event mutexes
2026-08-24 12:09:39 0 [Note] InnoDB: Compressed tables use zlib 1.3
2026-08-24 12:09:39 0 [Note] InnoDB: Number of pools: 1
2026-08-24 12:09:39 0 [Note] InnoDB: Using SSE2 crc32 instructions
2026-08-24 12:09:39 0 [Note] InnoDB: Initializing buffer pool, total size = 128M, instances = 1, chunk size = 128M
2026-08-24 12:09:39 0 [Note] InnoDB: Completed initialization of buffer pool
2026-08-24 12:09:40 0 [Note] InnoDB: 128 out of 128 rollback segments are active.
2026-08-24 12:09:40 0 [Note] InnoDB: Creating shared tablespace for temporary tables
2026-08-24 12:09:40 0 [Note] InnoDB: Setting file '.\ibtmp1' size to 12 MB. Physically writing the file full; Please wait ...
2026-08-24 12:09:40 0 [Note] InnoDB: File '.\ibtmp1' size is now 12 MB.
2026-08-24 12:09:40 0 [Note] InnoDB: Waiting for purge to start
2026-08-24 12:09:40 0 [Note] InnoDB: 10.4.32 started; log sequence number 167401063; transaction id 175323
2026-08-24 12:09:40 0 [Note] InnoDB: Loading buffer pool(s) from c:\xampp\mysql\data\ib_buffer_pool
2026-08-24 12:09:40 0 [Note] Plugin 'FEEDBACK' is disabled.
2026-08-24 12:09:40 0 [Note] Server socket created on IP: '::'.
2026-08-24 12:09:41 0 [Note] Reading of all Master_info entries succeeded
2026-08-24 12:09:41 0 [Note] Added new Master_info '' to hash table
2026-08-24 12:09:41 0 [Note] mysql: ready for connections.
Version: '10.4.32-MariaDB'  socket: ''  port: 3306  mariadb.org binary distribution
2026-08-24 12:09:41 0 [Note] InnoDB: Buffer pool(s) load completed at 260824 12:09:41
2026-08-25  0:28:48 0 [Note] Starting MariaDB 10.4.32-MariaDB source revision c4143f909528e3fab0677a28631d10389354c491 as process 5416
2026-08-25  0:28:48 0 [Note] InnoDB: Mutexes and rw_locks use Windows interlocked functions
2026-08-25  0:28:48 0 [Note] InnoDB: Uses event mutexes
2026-08-25  0:28:48 0 [Note] InnoDB: Compressed tables use zlib 1.3
2026-08-25  0:28:48 0 [Note] InnoDB: Number of pools: 1
2026-08-25  0:28:48 0 [Note] InnoDB: Using SSE2 crc32 instructions
2026-08-25  0:28:48 0 [Note] InnoDB: Initializing buffer pool, total size = 128M, instances = 1, chunk size = 128M
2026-08-25  0:28:48 0 [Note] InnoDB: Completed initialization of buffer pool
2026-08-25  0:28:48 0 [Note] InnoDB: Starting crash recovery from checkpoint LSN=167401742
2026-08-25  0:28:48 0 [Note] InnoDB: 128 out of 128 rollback segments are active.
2026-08-25  0:28:48 0 [Note] InnoDB: Removed temporary tablespace data file: "ibtmp1"
2026-08-25  0:28:48 0 [Note] InnoDB: Creating shared tablespace for temporary tables
2026-08-25  0:28:48 0 [Note] InnoDB: Setting file '.\ibtmp1' size to 12 MB. Physically writing the file full; Please wait ...
2026-08-25  0:28:48 0 [Note] InnoDB: File '.\ibtmp1' size is now 12 MB.
2026-08-25  0:28:48 0 [Note] InnoDB: Waiting for purge to start
2026-08-25  0:28:48 0 [Note] InnoDB: 10.4.32 started; log sequence number 167401751; transaction id 175376
2026-08-25  0:28:49 0 [Note] InnoDB: Loading buffer pool(s) from c:\xampp\mysql\data\ib_buffer_pool
2026-08-25  0:28:49 0 [Note] Plugin 'FEEDBACK' is disabled.
2026-08-25  0:28:49 0 [Note] Server socket created on IP: '::'.
2026-08-25  0:28:50 0 [Note] Reading of all Master_info entries succeeded
2026-08-25  0:28:50 0 [Note] Added new Master_info '' to hash table
2026-08-25  0:28:50 0 [Note] mysql: ready for connections.
Version: '10.4.32-MariaDB'  socket: ''  port: 3306  mariadb.org binary distribution
2026-08-25  0:28:51 0 [Note] InnoDB: Buffer pool(s) load completed at 260825  0:28:51
2026-08-25 18:34:38 33 [Warning] Aborted connection 33 to db: 'e_archive' user: 'root' host: 'localhost' (Got an error reading communication packets)
2026-08-25 18:34:38 30 [Warning] Aborted connection 30 to db: 'e_archive' user: 'root' host: 'localhost' (Got an error reading communication packets)
2026-08-25 18:34:38 31 [Warning] Aborted connection 31 to db: 'e_archive' user: 'root' host: 'localhost' (Got an error reading communication packets)
2026-08-25 18:34:38 32 [Warning] Aborted connection 32 to db: 'e_archive' user: 'root' host: 'localhost' (Got an error reading communication packets)
2026-08-25 19:53:37 26 [Warning] Aborted connection 26 to db: 'e_archive' user: 'root' host: 'localhost' (Got an error reading communication packets)
2026-08-25 19:53:37 28 [Warning] Aborted connection 28 to db: 'e_archive' user: 'root' host: 'localhost' (Got an error reading communication packets)
2026-08-25 19:53:37 27 [Warning] Aborted connection 27 to db: 'e_archive' user: 'root' host: 'localhost' (Got an error reading communication packets)
2026-08-25 19:53:37 25 [Warning] Aborted connection 25 to db: 'e_archive' user: 'root' host: 'localhost' (Got an error reading communication packets)
2026-08-26 16:10:10 0 [Note] mysql (initiated by: unknown): Normal shutdown
2026-08-26 16:10:10 0 [Note] Event Scheduler: Purging the queue. 0 events
2026-08-26 16:10:10 0 [Note] InnoDB: FTS optimize thread exiting.
2026-08-26 16:10:11 0 [Note] InnoDB: Starting shutdown...
2026-08-26 16:10:11 0 [Note] InnoDB: Dumping buffer pool(s) to c:\xampp\mysql\data\ib_buffer_pool
2026-08-26 16:10:11 0 [Note] InnoDB: Buffer pool(s) dump completed at 260826 16:10:11
2026-08-26 16:10:12 0 [Note] InnoDB: Removed temporary tablespace data file: "ibtmp1"
2026-08-26 16:10:12 0 [Note] InnoDB: Shutdown completed; log sequence number 167459807; transaction id 175583
2026-08-26 16:10:12 0 [Note] mysql: Shutdown complete

2026-08-26 16:12:04 0 [Note] Starting MariaDB 10.4.32-MariaDB source revision c4143f909528e3fab0677a28631d10389354c491 as process 5728
2026-08-26 16:12:05 0 [Note] InnoDB: Mutexes and rw_locks use Windows interlocked functions
2026-08-26 16:12:05 0 [Note] InnoDB: Uses event mutexes
2026-08-26 16:12:05 0 [Note] InnoDB: Compressed tables use zlib 1.3
2026-08-26 16:12:05 0 [Note] InnoDB: Number of pools: 1
2026-08-26 16:12:05 0 [Note] InnoDB: Using SSE2 crc32 instructions
2026-08-26 16:12:05 0 [Note] InnoDB: Initializing buffer pool, total size = 128M, instances = 1, chunk size = 128M
2026-08-26 16:12:06 0 [Note] InnoDB: Completed initialization of buffer pool
2026-08-26 16:12:09 0 [Note] InnoDB: 128 out of 128 rollback segments are active.
2026-08-26 16:12:09 0 [Note] InnoDB: Creating shared tablespace for temporary tables
2026-08-26 16:12:09 0 [Note] InnoDB: Setting file '.\ibtmp1' size to 12 MB. Physically writing the file full; Please wait ...
2026-08-26 16:12:09 0 [Note] InnoDB: File '.\ibtmp1' size is now 12 MB.
2026-08-26 16:12:09 0 [Note] InnoDB: Waiting for purge to start
2026-08-26 16:12:09 0 [Note] InnoDB: 10.4.32 started; log sequence number 167459807; transaction id 175584
2026-08-26 16:12:09 0 [Note] InnoDB: Loading buffer pool(s) from c:\xampp\mysql\data\ib_buffer_pool
2026-08-26 16:12:09 0 [Note] Plugin 'FEEDBACK' is disabled.
2026-08-26 16:12:09 0 [Note] Server socket created on IP: '::'.
2026-08-26 16:12:10 0 [Note] Reading of all Master_info entries succeeded
2026-08-26 16:12:10 0 [Note] Added new Master_info '' to hash table
2026-08-26 16:12:10 0 [Note] mysql: ready for connections.
Version: '10.4.32-MariaDB'  socket: ''  port: 3306  mariadb.org binary distribution
2026-08-26 16:12:12 0 [Note] InnoDB: Buffer pool(s) load completed at 260826 16:12:12
2026-08-31  4:39:13 16 [Warning] Aborted connection 16 to db: 'e_archive' user: 'root' host: 'localhost' (Got an error reading communication packets)
2026-08-31  4:39:13 14 [Warning] Aborted connection 14 to db: 'e_archive' user: 'root' host: 'localhost' (Got an error reading communication packets)
2026-08-31  4:39:13 15 [Warning] Aborted connection 15 to db: 'e_archive' user: 'root' host: 'localhost' (Got an error reading communication packets)
2026-08-31  4:39:13 17 [Warning] Aborted connection 17 to db: 'e_archive' user: 'root' host: 'localhost' (Got an error reading communication packets)
2026-08-31  5:14:31 10 [Warning] Aborted connection 10 to db: 'e_archive' user: 'root' host: 'localhost' (Got an error reading communication packets)
2026-08-31  5:14:31 9 [Warning] Aborted connection 9 to db: 'e_archive' user: 'root' host: 'localhost' (Got an error reading communication packets)
2026-08-31  5:14:31 12 [Warning] Aborted connection 12 to db: 'e_archive' user: 'root' host: 'localhost' (Got an error reading communication packets)
2026-08-31  5:14:31 11 [Warning] Aborted connection 11 to db: 'e_archive' user: 'root' host: 'localhost' (Got an error reading communication packets)
2026-09-02 15:01:51 0 [Note] Starting MariaDB 10.4.32-MariaDB source revision c4143f909528e3fab0677a28631d10389354c491 as process 5924
2026-09-02 15:01:51 0 [Note] InnoDB: Mutexes and rw_locks use Windows interlocked functions
2026-09-02 15:01:51 0 [Note] InnoDB: Uses event mutexes
2026-09-02 15:01:51 0 [Note] InnoDB: Compressed tables use zlib 1.3
2026-09-02 15:01:51 0 [Note] InnoDB: Number of pools: 1
2026-09-02 15:01:51 0 [Note] InnoDB: Using SSE2 crc32 instructions
2026-09-02 15:01:51 0 [Note] InnoDB: Initializing buffer pool, total size = 128M, instances = 1, chunk size = 128M
2026-09-02 15:01:51 0 [Note] InnoDB: Completed initialization of buffer pool
2026-09-02 15:01:51 0 [Note] InnoDB: Starting crash recovery from checkpoint LSN=167474662
2026-09-02 15:01:52 0 [Note] InnoDB: 128 out of 128 rollback segments are active.
2026-09-02 15:01:52 0 [Note] InnoDB: Removed temporary tablespace data file: "ibtmp1"
2026-09-02 15:01:52 0 [Note] InnoDB: Creating shared tablespace for temporary tables
2026-09-02 15:01:52 0 [Note] InnoDB: Setting file '.\ibtmp1' size to 12 MB. Physically writing the file full; Please wait ...
2026-09-02 15:01:52 0 [Note] InnoDB: File '.\ibtmp1' size is now 12 MB.
2026-09-02 15:01:52 0 [Note] InnoDB: Waiting for purge to start
2026-09-02 15:01:52 0 [Note] InnoDB: 10.4.32 started; log sequence number 167474671; transaction id 175699
2026-09-02 15:01:52 0 [Note] InnoDB: Loading buffer pool(s) from c:\xampp\mysql\data\ib_buffer_pool
2026-09-02 15:01:52 0 [Note] Plugin 'FEEDBACK' is disabled.
2026-09-02 15:01:52 0 [Note] Server socket created on IP: '::'.
2026-09-02 15:01:52 0 [Note] Reading of all Master_info entries succeeded
2026-09-02 15:01:52 0 [Note] Added new Master_info '' to hash table
2026-09-02 15:01:52 0 [Note] mysql: ready for connections.
Version: '10.4.32-MariaDB'  socket: ''  port: 3306  mariadb.org binary distribution
2026-09-02 15:01:52 0 [Note] InnoDB: Buffer pool(s) load completed at 260902 15:01:52
2026-09-02 23:28:34 0 [Note] Starting MariaDB 10.4.32-MariaDB source revision c4143f909528e3fab0677a28631d10389354c491 as process 5944
2026-09-02 23:28:34 0 [Note] InnoDB: Mutexes and rw_locks use Windows interlocked functions
2026-09-02 23:28:34 0 [Note] InnoDB: Uses event mutexes
2026-09-02 23:28:34 0 [Note] InnoDB: Compressed tables use zlib 1.3
2026-09-02 23:28:34 0 [Note] InnoDB: Number of pools: 1
2026-09-02 23:28:34 0 [Note] InnoDB: Using SSE2 crc32 instructions
2026-09-02 23:28:34 0 [Note] InnoDB: Initializing buffer pool, total size = 128M, instances = 1, chunk size = 128M
2026-09-02 23:28:34 0 [Note] InnoDB: Completed initialization of buffer pool
2026-09-02 23:28:34 0 [Note] InnoDB: Starting crash recovery from checkpoint LSN=167474680
2026-09-02 23:28:34 0 [Note] InnoDB: 128 out of 128 rollback segments are active.
2026-09-02 23:28:34 0 [Note] InnoDB: Removed temporary tablespace data file: "ibtmp1"
2026-09-02 23:28:34 0 [Note] InnoDB: Creating shared tablespace for temporary tables
2026-09-02 23:28:34 0 [Note] InnoDB: Setting file '.\ibtmp1' size to 12 MB. Physically writing the file full; Please wait ...
2026-09-02 23:28:34 0 [Note] InnoDB: File '.\ibtmp1' size is now 12 MB.
2026-09-02 23:28:34 0 [Note] InnoDB: Waiting for purge to start
2026-09-02 23:28:34 0 [Note] InnoDB: 10.4.32 started; log sequence number 167474705; transaction id 175699
2026-09-02 23:28:34 0 [Note] InnoDB: Loading buffer pool(s) from c:\xampp\mysql\data\ib_buffer_pool
2026-09-02 23:28:34 0 [Note] Plugin 'FEEDBACK' is disabled.
2026-09-02 23:28:34 0 [Note] Server socket created on IP: '::'.
2026-09-02 23:28:35 0 [Note] Reading of all Master_info entries succeeded
2026-09-02 23:28:35 0 [Note] Added new Master_info '' to hash table
2026-09-02 23:28:35 0 [Note] mysql: ready for connections.
Version: '10.4.32-MariaDB'  socket: ''  port: 3306  mariadb.org binary distribution
2026-09-02 23:28:36 0 [Note] InnoDB: Buffer pool(s) load completed at 260902 23:28:36
2026-09-04  0:47:03 0 [Note] Starting MariaDB 10.4.32-MariaDB source revision c4143f909528e3fab0677a28631d10389354c491 as process 5136
2026-09-04  0:47:03 0 [Note] InnoDB: Mutexes and rw_locks use Windows interlocked functions
2026-09-04  0:47:03 0 [Note] InnoDB: Uses event mutexes
2026-09-04  0:47:03 0 [Note] InnoDB: Compressed tables use zlib 1.3
2026-09-04  0:47:03 0 [Note] InnoDB: Number of pools: 1
2026-09-04  0:47:03 0 [Note] InnoDB: Using SSE2 crc32 instructions
2026-09-04  0:47:03 0 [Note] InnoDB: Initializing buffer pool, total size = 128M, instances = 1, chunk size = 128M
2026-09-04  0:47:03 0 [Note] InnoDB: Completed initialization of buffer pool
2026-09-04  0:47:04 0 [Note] InnoDB: Starting crash recovery from checkpoint LSN=167474714
2026-09-04  0:47:04 0 [Note] InnoDB: 128 out of 128 rollback segments are active.
2026-09-04  0:47:04 0 [Note] InnoDB: Removed temporary tablespace data file: "ibtmp1"
2026-09-04  0:47:04 0 [Note] InnoDB: Creating shared tablespace for temporary tables
2026-09-04  0:47:04 0 [Note] InnoDB: Setting file '.\ibtmp1' size to 12 MB. Physically writing the file full; Please wait ...
2026-09-04  0:47:04 0 [Note] InnoDB: File '.\ibtmp1' size is now 12 MB.
2026-09-04  0:47:04 0 [Note] InnoDB: Waiting for purge to start
2026-09-04  0:47:04 0 [Note] InnoDB: 10.4.32 started; log sequence number 167474723; transaction id 175699
2026-09-04  0:47:04 0 [Note] InnoDB: Loading buffer pool(s) from c:\xampp\mysql\data\ib_buffer_pool
2026-09-04  0:47:04 0 [Note] Plugin 'FEEDBACK' is disabled.
2026-09-04  0:47:04 0 [Note] Server socket created on IP: '::'.
2026-09-04  0:47:04 0 [Note] Reading of all Master_info entries succeeded
2026-09-04  0:47:04 0 [Note] Added new Master_info '' to hash table
2026-09-04  0:47:04 0 [Note] mysql: ready for connections.
Version: '10.4.32-MariaDB'  socket: ''  port: 3306  mariadb.org binary distribution
2026-09-04  0:47:04 0 [Note] InnoDB: Buffer pool(s) load completed at 260904  0:47:04
2026-09-05  7:45:55 0 [Note] Starting MariaDB 10.4.32-MariaDB source revision c4143f909528e3fab0677a28631d10389354c491 as process 5984
2026-09-05  7:45:55 0 [Note] InnoDB: Mutexes and rw_locks use Windows interlocked functions
2026-09-05  7:45:55 0 [Note] InnoDB: Uses event mutexes
2026-09-05  7:45:55 0 [Note] InnoDB: Compressed tables use zlib 1.3
2026-09-05  7:45:55 0 [Note] InnoDB: Number of pools: 1
2026-09-05  7:45:55 0 [Note] InnoDB: Using SSE2 crc32 instructions
2026-09-05  7:45:55 0 [Note] InnoDB: Initializing buffer pool, total size = 128M, instances = 1, chunk size = 128M
2026-09-05  7:45:55 0 [Note] InnoDB: Completed initialization of buffer pool
2026-09-05  7:45:55 0 [Note] InnoDB: Starting crash recovery from checkpoint LSN=167474732
2026-09-05  7:45:56 0 [Note] InnoDB: 128 out of 128 rollback segments are active.
2026-09-05  7:45:56 0 [Note] InnoDB: Removed temporary tablespace data file: "ibtmp1"
2026-09-05  7:45:56 0 [Note] InnoDB: Creating shared tablespace for temporary tables
2026-09-05  7:45:56 0 [Note] InnoDB: Setting file '.\ibtmp1' size to 12 MB. Physically writing the file full; Please wait ...
2026-09-05  7:45:56 0 [Note] InnoDB: File '.\ibtmp1' size is now 12 MB.
2026-09-05  7:45:56 0 [Note] InnoDB: Waiting for purge to start
2026-09-05  7:45:56 0 [Note] InnoDB: 10.4.32 started; log sequence number 167474741; transaction id 175699
2026-09-05  7:45:56 0 [Note] InnoDB: Loading buffer pool(s) from c:\xampp\mysql\data\ib_buffer_pool
2026-09-05  7:45:56 0 [Note] Plugin 'FEEDBACK' is disabled.
2026-09-05  7:45:56 0 [Note] Server socket created on IP: '::'.
2026-09-05  7:45:56 0 [Note] Reading of all Master_info entries succeeded
2026-09-05  7:45:56 0 [Note] Added new Master_info '' to hash table
2026-09-05  7:45:56 0 [Note] mysql: ready for connections.
Version: '10.4.32-MariaDB'  socket: ''  port: 3306  mariadb.org binary distribution
2026-09-05  7:45:56 0 [Note] InnoDB: Buffer pool(s) load completed at 260905  7:45:56
2026-09-08 18:40:18 0 [Note] mysql (initiated by: unknown): Normal shutdown
2026-09-08 18:40:18 0 [Note] Event Scheduler: Purging the queue. 0 events
2026-09-08 18:40:18 0 [Note] InnoDB: FTS optimize thread exiting.
2026-09-08 18:40:18 0 [Note] InnoDB: Starting shutdown...
2026-09-08 18:40:18 0 [Note] InnoDB: Dumping buffer pool(s) to c:\xampp\mysql\data\ib_buffer_pool
2026-09-08 18:40:19 0 [Note] InnoDB: Buffer pool(s) dump completed at 260908 18:40:19
2026-09-08 18:40:20 0 [Note] InnoDB: Removed temporary tablespace data file: "ibtmp1"
2026-09-08 18:40:20 0 [Note] InnoDB: Shutdown completed; log sequence number 167474759; transaction id 175700
2026-09-08 18:40:20 0 [Note] mysql: Shutdown complete

2026-09-08 18:40:52 0 [Note] Starting MariaDB 10.4.32-MariaDB source revision c4143f909528e3fab0677a28631d10389354c491 as process 5904
2026-09-08 18:40:53 0 [Note] InnoDB: Mutexes and rw_locks use Windows interlocked functions
2026-09-08 18:40:53 0 [Note] InnoDB: Uses event mutexes
2026-09-08 18:40:53 0 [Note] InnoDB: Compressed tables use zlib 1.3
2026-09-08 18:40:53 0 [Note] InnoDB: Number of pools: 1
2026-09-08 18:40:53 0 [Note] InnoDB: Using SSE2 crc32 instructions
2026-09-08 18:40:53 0 [Note] InnoDB: Initializing buffer pool, total size = 128M, instances = 1, chunk size = 128M
2026-09-08 18:40:53 0 [Note] InnoDB: Completed initialization of buffer pool
2026-09-08 18:40:53 0 [Note] InnoDB: 128 out of 128 rollback segments are active.
2026-09-08 18:40:53 0 [Note] InnoDB: Creating shared tablespace for temporary tables
2026-09-08 18:40:53 0 [Note] InnoDB: Setting file '.\ibtmp1' size to 12 MB. Physically writing the file full; Please wait ...
2026-09-08 18:40:53 0 [Note] InnoDB: File '.\ibtmp1' size is now 12 MB.
2026-09-08 18:40:53 0 [Note] InnoDB: Waiting for purge to start
2026-09-08 18:40:53 0 [Note] InnoDB: 10.4.32 started; log sequence number 167474759; transaction id 175699
2026-09-08 18:40:53 0 [Note] InnoDB: Loading buffer pool(s) from c:\xampp\mysql\data\ib_buffer_pool
2026-09-08 18:40:53 0 [Note] Plugin 'FEEDBACK' is disabled.
2026-09-08 18:40:53 0 [Note] Server socket created on IP: '::'.
2026-09-08 18:40:53 0 [Note] Reading of all Master_info entries succeeded
2026-09-08 18:40:53 0 [Note] Added new Master_info '' to hash table
2026-09-08 18:40:53 0 [Note] mysql: ready for connections.
Version: '10.4.32-MariaDB'  socket: ''  port: 3306  mariadb.org binary distribution
2026-09-08 18:40:54 0 [Note] InnoDB: Buffer pool(s) load completed at 260908 18:40:54
2026-09-09 20:04:44 0 [Note] mysql (initiated by: unknown): Normal shutdown
2026-09-09 20:04:44 0 [Note] Event Scheduler: Purging the queue. 0 events
2026-09-09 20:04:44 0 [Note] InnoDB: FTS optimize thread exiting.
2026-09-09 20:04:44 0 [Note] InnoDB: Starting shutdown...
2026-09-09 20:04:44 0 [Note] InnoDB: Dumping buffer pool(s) to c:\xampp\mysql\data\ib_buffer_pool
2026-09-09 20:04:44 0 [Note] InnoDB: Buffer pool(s) dump completed at 260909 20:04:44
2026-09-09 20:04:45 0 [Note] InnoDB: Removed temporary tablespace data file: "ibtmp1"
2026-09-09 20:04:45 0 [Note] InnoDB: Shutdown completed; log sequence number 167474768; transaction id 175700
2026-09-09 20:04:45 0 [Note] mysql: Shutdown complete

2026-09-09 20:05:49 0 [Note] Starting MariaDB 10.4.32-MariaDB source revision c4143f909528e3fab0677a28631d10389354c491 as process 6216
2026-09-09 20:05:49 0 [Note] InnoDB: Mutexes and rw_locks use Windows interlocked functions
2026-09-09 20:05:49 0 [Note] InnoDB: Uses event mutexes
2026-09-09 20:05:49 0 [Note] InnoDB: Compressed tables use zlib 1.3
2026-09-09 20:05:49 0 [Note] InnoDB: Number of pools: 1
2026-09-09 20:05:49 0 [Note] InnoDB: Using SSE2 crc32 instructions
2026-09-09 20:05:49 0 [Note] InnoDB: Initializing buffer pool, total size = 128M, instances = 1, chunk size = 128M
2026-09-09 20:05:49 0 [Note] InnoDB: Completed initialization of buffer pool
2026-09-09 20:05:50 0 [Note] InnoDB: 128 out of 128 rollback segments are active.
2026-09-09 20:05:50 0 [Note] InnoDB: Creating shared tablespace for temporary tables
2026-09-09 20:05:50 0 [Note] InnoDB: Setting file '.\ibtmp1' size to 12 MB. Physically writing the file full; Please wait ...
2026-09-09 20:05:50 0 [Note] InnoDB: File '.\ibtmp1' size is now 12 MB.
2026-09-09 20:05:50 0 [Note] InnoDB: Waiting for purge to start
2026-09-09 20:05:50 0 [Note] InnoDB: 10.4.32 started; log sequence number 167474768; transaction id 175699
2026-09-09 20:05:50 0 [Note] InnoDB: Loading buffer pool(s) from c:\xampp\mysql\data\ib_buffer_pool
2026-09-09 20:05:50 0 [Note] Plugin 'FEEDBACK' is disabled.
2026-09-09 20:05:50 0 [Note] Server socket created on IP: '::'.
2026-09-09 20:05:51 0 [Note] Reading of all Master_info entries succeeded
2026-09-09 20:05:51 0 [Note] Added new Master_info '' to hash table
2026-09-09 20:05:51 0 [Note] mysql: ready for connections.
Version: '10.4.32-MariaDB'  socket: ''  port: 3306  mariadb.org binary distribution
2026-09-09 20:05:51 0 [Note] InnoDB: Buffer pool(s) load completed at 260909 20:05:51
2026-09-09 20:07:04 0 [Note] mysql (initiated by: unknown): Normal shutdown
2026-09-09 20:07:04 0 [Note] Event Scheduler: Purging the queue. 0 events
2026-09-09 20:07:04 0 [Note] InnoDB: FTS optimize thread exiting.
2026-09-09 20:07:04 0 [Note] InnoDB: Starting shutdown...
2026-09-09 20:07:04 0 [Note] InnoDB: Dumping buffer pool(s) to c:\xampp\mysql\data\ib_buffer_pool
2026-09-09 20:07:04 0 [Note] InnoDB: Buffer pool(s) dump completed at 260909 20:07:04
2026-09-09 20:07:05 0 [Note] InnoDB: Removed temporary tablespace data file: "ibtmp1"
2026-09-09 20:07:05 0 [Note] InnoDB: Shutdown completed; log sequence number 167474777; transaction id 175700
2026-09-09 20:07:05 0 [Note] mysql: Shutdown complete

2026-09-09 20:07:41 0 [Note] Starting MariaDB 10.4.32-MariaDB source revision c4143f909528e3fab0677a28631d10389354c491 as process 5704
2026-09-09 20:07:41 0 [Note] InnoDB: Mutexes and rw_locks use Windows interlocked functions
2026-09-09 20:07:41 0 [Note] InnoDB: Uses event mutexes
2026-09-09 20:07:41 0 [Note] InnoDB: Compressed tables use zlib 1.3
2026-09-09 20:07:41 0 [Note] InnoDB: Number of pools: 1
2026-09-09 20:07:41 0 [Note] InnoDB: Using SSE2 crc32 instructions
2026-09-09 20:07:41 0 [Note] InnoDB: Initializing buffer pool, total size = 128M, instances = 1, chunk size = 128M
2026-09-09 20:07:41 0 [Note] InnoDB: Completed initialization of buffer pool
2026-09-09 20:07:41 0 [Note] InnoDB: 128 out of 128 rollback segments are active.
2026-09-09 20:07:41 0 [Note] InnoDB: Creating shared tablespace for temporary tables
2026-09-09 20:07:41 0 [Note] InnoDB: Setting file '.\ibtmp1' size to 12 MB. Physically writing the file full; Please wait ...
2026-09-09 20:07:41 0 [Note] InnoDB: File '.\ibtmp1' size is now 12 MB.
2026-09-09 20:07:41 0 [Note] InnoDB: Waiting for purge to start
2026-09-09 20:07:42 0 [Note] InnoDB: 10.4.32 started; log sequence number 167474777; transaction id 175699
2026-09-09 20:07:42 0 [Note] InnoDB: Loading buffer pool(s) from c:\xampp\mysql\data\ib_buffer_pool
2026-09-09 20:07:42 0 [Note] Plugin 'FEEDBACK' is disabled.
2026-09-09 20:07:42 0 [Note] Server socket created on IP: '::'.
2026-09-09 20:07:42 0 [Note] Reading of all Master_info entries succeeded
2026-09-09 20:07:42 0 [Note] Added new Master_info '' to hash table
2026-09-09 20:07:42 0 [Note] mysql: ready for connections.
Version: '10.4.32-MariaDB'  socket: ''  port: 3306  mariadb.org binary distribution
2026-09-09 20:07:42 0 [Note] InnoDB: Buffer pool(s) load completed at 260909 20:07:42
2026-09-09 20:07:54 0 [Note] mysql (initiated by: unknown): Normal shutdown
2026-09-09 20:07:54 0 [Note] Event Scheduler: Purging the queue. 0 events
2026-09-09 20:07:54 0 [Note] InnoDB: FTS optimize thread exiting.
2026-09-09 20:07:54 0 [Note] InnoDB: Starting shutdown...
2026-09-09 20:07:54 0 [Note] InnoDB: Dumping buffer pool(s) to c:\xampp\mysql\data\ib_buffer_pool
2026-09-09 20:07:54 0 [Note] InnoDB: Buffer pool(s) dump completed at 260909 20:07:54
2026-09-09 20:07:55 0 [Note] InnoDB: Removed temporary tablespace data file: "ibtmp1"
2026-09-09 20:07:55 0 [Note] InnoDB: Shutdown completed; log sequence number 167474786; transaction id 175700
2026-09-09 20:07:55 0 [Note] mysql: Shutdown complete

2026-09-09 20:08:30 0 [Note] Starting MariaDB 10.4.32-MariaDB source revision c4143f909528e3fab0677a28631d10389354c491 as process 5652
2026-09-09 20:08:30 0 [Note] InnoDB: Mutexes and rw_locks use Windows interlocked functions
2026-09-09 20:08:30 0 [Note] InnoDB: Uses event mutexes
2026-09-09 20:08:30 0 [Note] InnoDB: Compressed tables use zlib 1.3
2026-09-09 20:08:30 0 [Note] InnoDB: Number of pools: 1
2026-09-09 20:08:30 0 [Note] InnoDB: Using SSE2 crc32 instructions
2026-09-09 20:08:30 0 [Note] InnoDB: Initializing buffer pool, total size = 128M, instances = 1, chunk size = 128M
2026-09-09 20:08:30 0 [Note] InnoDB: Completed initialization of buffer pool
2026-09-09 20:08:31 0 [Note] InnoDB: 128 out of 128 rollback segments are active.
2026-09-09 20:08:31 0 [Note] InnoDB: Creating shared tablespace for temporary tables
2026-09-09 20:08:31 0 [Note] InnoDB: Setting file '.\ibtmp1' size to 12 MB. Physically writing the file full; Please wait ...
2026-09-09 20:08:31 0 [Note] InnoDB: File '.\ibtmp1' size is now 12 MB.
2026-09-09 20:08:31 0 [Note] InnoDB: Waiting for purge to start
2026-09-09 20:08:31 0 [Note] InnoDB: 10.4.32 started; log sequence number 167474786; transaction id 175699
2026-09-09 20:08:31 0 [Note] InnoDB: Loading buffer pool(s) from c:\xampp\mysql\data\ib_buffer_pool
2026-09-09 20:08:31 0 [Note] Plugin 'FEEDBACK' is disabled.
2026-09-09 20:08:31 0 [Note] Server socket created on IP: '::'.
2026-09-09 20:08:31 0 [Note] Reading of all Master_info entries succeeded
2026-09-09 20:08:31 0 [Note] Added new Master_info '' to hash table
2026-09-09 20:08:31 0 [Note] mysql: ready for connections.
Version: '10.4.32-MariaDB'  socket: ''  port: 3306  mariadb.org binary distribution
2026-09-09 20:08:31 0 [Note] InnoDB: Buffer pool(s) load completed at 260909 20:08:31
2026-09-09 20:09:42 0 [Note] mysql (initiated by: unknown): Normal shutdown
2026-09-09 20:09:42 0 [Note] Event Scheduler: Purging the queue. 0 events
2026-09-09 20:09:42 0 [Note] InnoDB: FTS optimize thread exiting.
2026-09-09 20:09:42 0 [Note] InnoDB: Starting shutdown...
2026-09-09 20:09:42 0 [Note] InnoDB: Dumping buffer pool(s) to c:\xampp\mysql\data\ib_buffer_pool
2026-09-09 20:09:42 0 [Note] InnoDB: Buffer pool(s) dump completed at 260909 20:09:42
2026-09-09 20:09:43 0 [Note] InnoDB: Removed temporary tablespace data file: "ibtmp1"
2026-09-09 20:09:43 0 [Note] InnoDB: Shutdown completed; log sequence number 167474795; transaction id 175700
2026-09-09 20:09:43 0 [Note] mysql: Shutdown complete

2026-09-10  7:33:19 0 [Note] Starting MariaDB 10.4.32-MariaDB source revision c4143f909528e3fab0677a28631d10389354c491 as process 6056
2026-09-10  7:33:19 0 [Note] InnoDB: Mutexes and rw_locks use Windows interlocked functions
2026-09-10  7:33:19 0 [Note] InnoDB: Uses event mutexes
2026-09-10  7:33:19 0 [Note] InnoDB: Compressed tables use zlib 1.3
2026-09-10  7:33:19 0 [Note] InnoDB: Number of pools: 1
2026-09-10  7:33:19 0 [Note] InnoDB: Using SSE2 crc32 instructions
2026-09-10  7:33:19 0 [Note] InnoDB: Initializing buffer pool, total size = 128M, instances = 1, chunk size = 128M
2026-09-10  7:33:19 0 [Note] InnoDB: Completed initialization of buffer pool
2026-09-10  7:33:19 0 [Note] InnoDB: 128 out of 128 rollback segments are active.
2026-09-10  7:33:19 0 [Note] InnoDB: Creating shared tablespace for temporary tables
2026-09-10  7:33:19 0 [Note] InnoDB: Setting file '.\ibtmp1' size to 12 MB. Physically writing the file full; Please wait ...
2026-09-10  7:33:19 0 [Note] InnoDB: File '.\ibtmp1' size is now 12 MB.
2026-09-10  7:33:19 0 [Note] InnoDB: Waiting for purge to start
2026-09-10  7:33:19 0 [Note] InnoDB: 10.4.32 started; log sequence number 167474795; transaction id 175699
2026-09-10  7:33:19 0 [Note] InnoDB: Loading buffer pool(s) from c:\xampp\mysql\data\ib_buffer_pool
2026-09-10  7:33:19 0 [Note] Plugin 'FEEDBACK' is disabled.
2026-09-10  7:33:19 0 [Note] Server socket created on IP: '::'.
2026-09-10  7:33:20 0 [Note] Reading of all Master_info entries succeeded
2026-09-10  7:33:20 0 [Note] Added new Master_info '' to hash table
2026-09-10  7:33:20 0 [Note] mysql: ready for connections.
Version: '10.4.32-MariaDB'  socket: ''  port: 3306  mariadb.org binary distribution
2026-09-10  7:33:20 0 [Note] InnoDB: Buffer pool(s) load completed at 260910  7:33:20
2026-09-10 15:08:24 0 [Note] mysql (initiated by: unknown): Normal shutdown
2026-09-10 15:08:24 0 [Note] Event Scheduler: Purging the queue. 0 events
2026-09-10 15:08:24 0 [Note] InnoDB: FTS optimize thread exiting.
2026-09-10 15:08:25 0 [Note] InnoDB: Starting shutdown...
2026-09-10 15:08:25 0 [Note] InnoDB: Dumping buffer pool(s) to c:\xampp\mysql\data\ib_buffer_pool
2026-09-10 15:08:25 0 [Note] InnoDB: Buffer pool(s) dump completed at 260910 15:08:25
2026-09-10 15:08:25 0 [Note] InnoDB: Removed temporary tablespace data file: "ibtmp1"
2026-09-10 15:08:25 0 [Note] InnoDB: Shutdown completed; log sequence number 167474804; transaction id 175700
2026-09-10 15:08:25 0 [Note] mysql: Shutdown complete

2026-09-10 15:08:57 0 [Note] Starting MariaDB 10.4.32-MariaDB source revision c4143f909528e3fab0677a28631d10389354c491 as process 5288
2026-09-10 15:08:57 0 [Note] InnoDB: Mutexes and rw_locks use Windows interlocked functions
2026-09-10 15:08:57 0 [Note] InnoDB: Uses event mutexes
2026-09-10 15:08:57 0 [Note] InnoDB: Compressed tables use zlib 1.3
2026-09-10 15:08:57 0 [Note] InnoDB: Number of pools: 1
2026-09-10 15:08:57 0 [Note] InnoDB: Using SSE2 crc32 instructions
2026-09-10 15:08:57 0 [Note] InnoDB: Initializing buffer pool, total size = 128M, instances = 1, chunk size = 128M
2026-09-10 15:08:57 0 [Note] InnoDB: Completed initialization of buffer pool
2026-09-10 15:08:57 0 [Note] InnoDB: 128 out of 128 rollback segments are active.
2026-09-10 15:08:57 0 [Note] InnoDB: Creating shared tablespace for temporary tables
2026-09-10 15:08:57 0 [Note] InnoDB: Setting file '.\ibtmp1' size to 12 MB. Physically writing the file full; Please wait ...
2026-09-10 15:08:57 0 [Note] InnoDB: File '.\ibtmp1' size is now 12 MB.
2026-09-10 15:08:57 0 [Note] InnoDB: Waiting for purge to start
2026-09-10 15:08:57 0 [Note] InnoDB: 10.4.32 started; log sequence number 167474804; transaction id 175699
2026-09-10 15:08:57 0 [Note] InnoDB: Loading buffer pool(s) from c:\xampp\mysql\data\ib_buffer_pool
2026-09-10 15:08:57 0 [Note] Plugin 'FEEDBACK' is disabled.
2026-09-10 15:08:57 0 [Note] Server socket created on IP: '::'.
2026-09-10 15:08:58 0 [Note] Reading of all Master_info entries succeeded
2026-09-10 15:08:58 0 [Note] Added new Master_info '' to hash table
2026-09-10 15:08:58 0 [Note] mysql: ready for connections.
Version: '10.4.32-MariaDB'  socket: ''  port: 3306  mariadb.org binary distribution
2026-09-10 15:08:58 0 [Note] InnoDB: Buffer pool(s) load completed at 260910 15:08:58
2026-09-15 22:04:51 0 [Note] Starting MariaDB 10.4.32-MariaDB source revision c4143f909528e3fab0677a28631d10389354c491 as process 5908
2026-09-15 22:04:51 0 [Note] InnoDB: Mutexes and rw_locks use Windows interlocked functions
2026-09-15 22:04:51 0 [Note] InnoDB: Uses event mutexes
2026-09-15 22:04:51 0 [Note] InnoDB: Compressed tables use zlib 1.3
2026-09-15 22:04:51 0 [Note] InnoDB: Number of pools: 1
2026-09-15 22:04:51 0 [Note] InnoDB: Using SSE2 crc32 instructions
2026-09-15 22:04:51 0 [Note] InnoDB: Initializing buffer pool, total size = 128M, instances = 1, chunk size = 128M
2026-09-15 22:04:51 0 [Note] InnoDB: Completed initialization of buffer pool
2026-09-15 22:04:51 0 [Note] InnoDB: Starting crash recovery from checkpoint LSN=167474804
2026-09-15 22:04:52 0 [Note] InnoDB: 128 out of 128 rollback segments are active.
2026-09-15 22:04:52 0 [Note] InnoDB: Removed temporary tablespace data file: "ibtmp1"
2026-09-15 22:04:52 0 [Note] InnoDB: Creating shared tablespace for temporary tables
2026-09-15 22:04:52 0 [Note] InnoDB: Setting file '.\ibtmp1' size to 12 MB. Physically writing the file full; Please wait ...
2026-09-15 22:04:52 0 [Note] InnoDB: File '.\ibtmp1' size is now 12 MB.
2026-09-15 22:04:52 0 [Note] InnoDB: Waiting for purge to start
2026-09-15 22:04:52 0 [Note] InnoDB: 10.4.32 started; log sequence number 167474813; transaction id 175699
2026-09-15 22:04:52 0 [Note] InnoDB: Loading buffer pool(s) from c:\xampp\mysql\data\ib_buffer_pool
2026-09-15 22:04:52 0 [Note] Plugin 'FEEDBACK' is disabled.
2026-09-15 22:04:52 0 [Note] Server socket created on IP: '::'.
2026-09-15 22:04:52 0 [Note] Reading of all Master_info entries succeeded
2026-09-15 22:04:52 0 [Note] Added new Master_info '' to hash table
2026-09-15 22:04:52 0 [Note] mysql: ready for connections.
Version: '10.4.32-MariaDB'  socket: ''  port: 3306  mariadb.org binary distribution
2026-09-15 22:04:52 0 [Note] InnoDB: Buffer pool(s) load completed at 260915 22:04:52
2026-09-15 22:05:20 0 [Note] mysql (initiated by: unknown): Normal shutdown
2026-09-15 22:05:20 0 [Note] Event Scheduler: Purging the queue. 0 events
2026-09-15 22:05:20 0 [Note] InnoDB: FTS optimize thread exiting.
2026-09-15 22:05:20 0 [Note] InnoDB: Starting shutdown...
2026-09-15 22:05:20 0 [Note] InnoDB: Dumping buffer pool(s) to c:\xampp\mysql\data\ib_buffer_pool
2026-09-15 22:05:21 0 [Note] InnoDB: Buffer pool(s) dump completed at 260915 22:05:20
2026-09-15 22:05:22 0 [Note] InnoDB: Removed temporary tablespace data file: "ibtmp1"
2026-09-15 22:05:22 0 [Note] InnoDB: Shutdown completed; log sequence number 167474831; transaction id 175700
2026-09-15 22:05:22 0 [Note] mysql: Shutdown complete

2026-09-15 22:05:50 0 [Note] Starting MariaDB 10.4.32-MariaDB source revision c4143f909528e3fab0677a28631d10389354c491 as process 5752
2026-09-15 22:05:50 0 [Note] InnoDB: Mutexes and rw_locks use Windows interlocked functions
2026-09-15 22:05:50 0 [Note] InnoDB: Uses event mutexes
2026-09-15 22:05:50 0 [Note] InnoDB: Compressed tables use zlib 1.3
2026-09-15 22:05:50 0 [Note] InnoDB: Number of pools: 1
2026-09-15 22:05:50 0 [Note] InnoDB: Using SSE2 crc32 instructions
2026-09-15 22:05:50 0 [Note] InnoDB: Initializing buffer pool, total size = 128M, instances = 1, chunk size = 128M
2026-09-15 22:05:50 0 [Note] InnoDB: Completed initialization of buffer pool
2026-09-15 22:05:50 0 [Note] InnoDB: 128 out of 128 rollback segments are active.
2026-09-15 22:05:50 0 [Note] InnoDB: Creating shared tablespace for temporary tables
2026-09-15 22:05:50 0 [Note] InnoDB: Setting file '.\ibtmp1' size to 12 MB. Physically writing the file full; Please wait ...
2026-09-15 22:05:50 0 [Note] InnoDB: File '.\ibtmp1' size is now 12 MB.
2026-09-15 22:05:50 0 [Note] InnoDB: Waiting for purge to start
2026-09-15 22:05:50 0 [Note] InnoDB: 10.4.32 started; log sequence number 167474831; transaction id 175699
2026-09-15 22:05:50 0 [Note] InnoDB: Loading buffer pool(s) from c:\xampp\mysql\data\ib_buffer_pool
2026-09-15 22:05:50 0 [Note] Plugin 'FEEDBACK' is disabled.
2026-09-15 22:05:50 0 [Note] Server socket created on IP: '::'.
2026-09-15 22:05:51 0 [Note] Reading of all Master_info entries succeeded
2026-09-15 22:05:51 0 [Note] Added new Master_info '' to hash table
2026-09-15 22:05:51 0 [Note] mysql: ready for connections.
Version: '10.4.32-MariaDB'  socket: ''  port: 3306  mariadb.org binary distribution
2026-09-15 22:05:51 0 [Note] InnoDB: Buffer pool(s) load completed at 260915 22:05:51
2026-09-15 22:06:08 0 [Note] mysql (initiated by: unknown): Normal shutdown
2026-09-15 22:06:08 0 [Note] Event Scheduler: Purging the queue. 0 events
2026-09-15 22:06:08 0 [Note] InnoDB: FTS optimize thread exiting.
2026-09-15 22:06:08 0 [Note] InnoDB: Starting shutdown...
2026-09-15 22:06:08 0 [Note] InnoDB: Dumping buffer pool(s) to c:\xampp\mysql\data\ib_buffer_pool
2026-09-15 22:06:08 0 [Note] InnoDB: Buffer pool(s) dump completed at 260915 22:06:08
2026-09-15 22:06:09 0 [Note] InnoDB: Removed temporary tablespace data file: "ibtmp1"
2026-09-15 22:06:09 0 [Note] InnoDB: Shutdown completed; log sequence number 167474840; transaction id 175700
2026-09-15 22:06:09 0 [Note] mysql: Shutdown complete

2026-09-15 22:06:41 0 [Note] Starting MariaDB 10.4.32-MariaDB source revision c4143f909528e3fab0677a28631d10389354c491 as process 5608
2026-09-15 22:06:41 0 [Note] InnoDB: Mutexes and rw_locks use Windows interlocked functions
2026-09-15 22:06:41 0 [Note] InnoDB: Uses event mutexes
2026-09-15 22:06:41 0 [Note] InnoDB: Compressed tables use zlib 1.3
2026-09-15 22:06:41 0 [Note] InnoDB: Number of pools: 1
2026-09-15 22:06:41 0 [Note] InnoDB: Using SSE2 crc32 instructions
2026-09-15 22:06:41 0 [Note] InnoDB: Initializing buffer pool, total size = 128M, instances = 1, chunk size = 128M
2026-09-15 22:06:41 0 [Note] InnoDB: Completed initialization of buffer pool
2026-09-15 22:06:41 0 [Note] InnoDB: 128 out of 128 rollback segments are active.
2026-09-15 22:06:41 0 [Note] InnoDB: Creating shared tablespace for temporary tables
2026-09-15 22:06:41 0 [Note] InnoDB: Setting file '.\ibtmp1' size to 12 MB. Physically writing the file full; Please wait ...
2026-09-15 22:06:41 0 [Note] InnoDB: File '.\ibtmp1' size is now 12 MB.
2026-09-15 22:06:41 0 [Note] InnoDB: Waiting for purge to start
2026-09-15 22:06:41 0 [Note] InnoDB: 10.4.32 started; log sequence number 167474840; transaction id 175699
2026-09-15 22:06:41 0 [Note] InnoDB: Loading buffer pool(s) from c:\xampp\mysql\data\ib_buffer_pool
2026-09-15 22:06:41 0 [Note] Plugin 'FEEDBACK' is disabled.
2026-09-15 22:06:41 0 [Note] Server socket created on IP: '::'.
2026-09-15 22:06:41 0 [Note] Reading of all Master_info entries succeeded
2026-09-15 22:06:41 0 [Note] Added new Master_info '' to hash table
2026-09-15 22:06:41 0 [Note] mysql: ready for connections.
Version: '10.4.32-MariaDB'  socket: ''  port: 3306  mariadb.org binary distribution
2026-09-15 22:06:42 0 [Note] InnoDB: Buffer pool(s) load completed at 260915 22:06:42
2026-09-16  0:26:03 0 [Note] Starting MariaDB 10.4.32-MariaDB source revision c4143f909528e3fab0677a28631d10389354c491 as process 6036
2026-09-16  0:26:03 0 [Note] InnoDB: Mutexes and rw_locks use Windows interlocked functions
2026-09-16  0:26:03 0 [Note] InnoDB: Uses event mutexes
2026-09-16  0:26:03 0 [Note] InnoDB: Compressed tables use zlib 1.3
2026-09-16  0:26:03 0 [Note] InnoDB: Number of pools: 1
2026-09-16  0:26:03 0 [Note] InnoDB: Using SSE2 crc32 instructions
2026-09-16  0:26:03 0 [Note] InnoDB: Initializing buffer pool, total size = 128M, instances = 1, chunk size = 128M
2026-09-16  0:26:03 0 [Note] InnoDB: Completed initialization of buffer pool
2026-09-16  0:26:03 0 [Note] InnoDB: Starting crash recovery from checkpoint LSN=167474840
2026-09-16  0:26:04 0 [Note] InnoDB: 128 out of 128 rollback segments are active.
2026-09-16  0:26:04 0 [Note] InnoDB: Removed temporary tablespace data file: "ibtmp1"
2026-09-16  0:26:04 0 [Note] InnoDB: Creating shared tablespace for temporary tables
2026-09-16  0:26:04 0 [Note] InnoDB: Setting file '.\ibtmp1' size to 12 MB. Physically writing the file full; Please wait ...
2026-09-16  0:26:04 0 [Note] InnoDB: File '.\ibtmp1' size is now 12 MB.
2026-09-16  0:26:04 0 [Note] InnoDB: Waiting for purge to start
2026-09-16  0:26:04 0 [Note] InnoDB: 10.4.32 started; log sequence number 167474849; transaction id 175699
2026-09-16  0:26:04 0 [Note] InnoDB: Loading buffer pool(s) from c:\xampp\mysql\data\ib_buffer_pool
2026-09-16  0:26:04 0 [Note] Plugin 'FEEDBACK' is disabled.
2026-09-16  0:26:04 0 [Note] Server socket created on IP: '::'.
2026-09-16  0:26:04 0 [Note] Reading of all Master_info entries succeeded
2026-09-16  0:26:04 0 [Note] Added new Master_info '' to hash table
2026-09-16  0:26:04 0 [Note] mysql: ready for connections.
Version: '10.4.32-MariaDB'  socket: ''  port: 3306  mariadb.org binary distribution
2026-09-16  0:26:04 0 [Note] InnoDB: Buffer pool(s) load completed at 260916  0:26:04
2026-09-16  0:46:51 0 [Note] Starting MariaDB 10.4.32-MariaDB source revision c4143f909528e3fab0677a28631d10389354c491 as process 5096
2026-09-16  0:46:51 0 [Note] InnoDB: Mutexes and rw_locks use Windows interlocked functions
2026-09-16  0:46:51 0 [Note] InnoDB: Uses event mutexes
2026-09-16  0:46:51 0 [Note] InnoDB: Compressed tables use zlib 1.3
2026-09-16  0:46:51 0 [Note] InnoDB: Number of pools: 1
2026-09-16  0:46:51 0 [Note] InnoDB: Using SSE2 crc32 instructions
2026-09-16  0:46:51 0 [Note] InnoDB: Initializing buffer pool, total size = 128M, instances = 1, chunk size = 128M
2026-09-16  0:46:51 0 [Note] InnoDB: Completed initialization of buffer pool
2026-09-16  0:46:51 0 [Note] InnoDB: Starting crash recovery from checkpoint LSN=167474858
2026-09-16  0:46:52 0 [Note] InnoDB: 128 out of 128 rollback segments are active.
2026-09-16  0:46:52 0 [Note] InnoDB: Removed temporary tablespace data file: "ibtmp1"
2026-09-16  0:46:52 0 [Note] InnoDB: Creating shared tablespace for temporary tables
2026-09-16  0:46:52 0 [Note] InnoDB: Setting file '.\ibtmp1' size to 12 MB. Physically writing the file full; Please wait ...
2026-09-16  0:46:52 0 [Note] InnoDB: File '.\ibtmp1' size is now 12 MB.
2026-09-16  0:46:52 0 [Note] InnoDB: Waiting for purge to start
2026-09-16  0:46:52 0 [Note] InnoDB: 10.4.32 started; log sequence number 167474867; transaction id 175699
2026-09-16  0:46:52 0 [Note] InnoDB: Loading buffer pool(s) from c:\xampp\mysql\data\ib_buffer_pool
2026-09-16  0:46:52 0 [Note] Plugin 'FEEDBACK' is disabled.
2026-09-16  0:46:52 0 [Note] Server socket created on IP: '::'.
2026-09-16  0:46:52 0 [Note] Reading of all Master_info entries succeeded
2026-09-16  0:46:52 0 [Note] Added new Master_info '' to hash table
2026-09-16  0:46:52 0 [Note] mysql: ready for connections.
Version: '10.4.32-MariaDB'  socket: ''  port: 3306  mariadb.org binary distribution
2026-09-16  0:46:53 0 [Note] InnoDB: Buffer pool(s) load completed at 260916  0:46:53
2026-09-18 14:27:56 8 [Warning] Access denied for user 'dormitory'@'localhost' (using password: NO)
2026-09-18 17:27:09 9 [Warning] Access denied for user 'dormitory'@'localhost' (using password: NO)
2026-09-18 17:28:32 10 [Warning] Access denied for user 'dormitory'@'localhost' (using password: NO)
2026-09-18 17:31:03 11 [Warning] Access denied for user 'dormitory'@'localhost' (using password: NO)
2026-09-18 17:35:30 12 [Warning] Access denied for user 'dormitory'@'localhost' (using password: NO)
2026-09-20  9:53:07 13 [Warning] Access denied for user 'dormitory'@'localhost' (using password: NO)
2026-09-20  9:53:37 14 [Warning] Access denied for user 'dormitory'@'localhost' (using password: NO)
2026-09-20  9:58:12 15 [Warning] Access denied for user 'dormitory'@'localhost' (using password: NO)
2026-09-20  9:58:33 16 [Warning] Access denied for user 'dormitory'@'localhost' (using password: NO)
2026-09-20 10:00:46 17 [Warning] Access denied for user 'dormitory'@'localhost' (using password: NO)
2026-09-20 10:36:22 18 [Warning] Access denied for user 'dormitory'@'localhost' (using password: NO)
2026-09-20 15:38:12 19 [Warning] Access denied for user 'root'@'localhost' (using password: YES)
2026-09-21  2:52:09 0 [Note] mysql (initiated by: unknown): Normal shutdown
2026-09-21  2:52:09 0 [Note] Event Scheduler: Purging the queue. 0 events
2026-09-21  2:52:09 0 [Note] InnoDB: FTS optimize thread exiting.
2026-09-21  2:52:09 0 [Note] InnoDB: Starting shutdown...
2026-09-21  2:52:09 0 [Note] InnoDB: Dumping buffer pool(s) to c:\xampp\mysql\data\ib_buffer_pool
2026-09-21  2:52:09 0 [Note] InnoDB: Buffer pool(s) dump completed at 260921  2:52:09
2026-09-21  2:52:10 0 [Note] InnoDB: Removed temporary tablespace data file: "ibtmp1"
2026-09-21  2:52:10 0 [Note] InnoDB: Shutdown completed; log sequence number 167480977; transaction id 175732
2026-09-21  2:52:10 0 [Note] mysql: Shutdown complete

2026-09-21  2:52:43 0 [Note] Starting MariaDB 10.4.32-MariaDB source revision c4143f909528e3fab0677a28631d10389354c491 as process 6136
2026-09-21  2:52:43 0 [Note] InnoDB: Mutexes and rw_locks use Windows interlocked functions
2026-09-21  2:52:43 0 [Note] InnoDB: Uses event mutexes
2026-09-21  2:52:43 0 [Note] InnoDB: Compressed tables use zlib 1.3
2026-09-21  2:52:43 0 [Note] InnoDB: Number of pools: 1
2026-09-21  2:52:43 0 [Note] InnoDB: Using SSE2 crc32 instructions
2026-09-21  2:52:43 0 [Note] InnoDB: Initializing buffer pool, total size = 128M, instances = 1, chunk size = 128M
2026-09-21  2:52:43 0 [Note] InnoDB: Completed initialization of buffer pool
2026-09-21  2:52:44 0 [Note] InnoDB: 128 out of 128 rollback segments are active.
2026-09-21  2:52:44 0 [Note] InnoDB: Creating shared tablespace for temporary tables
2026-09-21  2:52:44 0 [Note] InnoDB: Setting file '.\ibtmp1' size to 12 MB. Physically writing the file full; Please wait ...
2026-09-21  2:52:44 0 [Note] InnoDB: File '.\ibtmp1' size is now 12 MB.
2026-09-21  2:52:44 0 [Note] InnoDB: Waiting for purge to start
2026-09-21  2:52:44 0 [Note] InnoDB: 10.4.32 started; log sequence number 167480977; transaction id 175733
2026-09-21  2:52:44 0 [Note] InnoDB: Loading buffer pool(s) from c:\xampp\mysql\data\ib_buffer_pool
2026-09-21  2:52:44 0 [Note] Plugin 'FEEDBACK' is disabled.
2026-09-21  2:52:44 0 [Note] Server socket created on IP: '::'.
2026-09-21  2:52:44 0 [Note] Reading of all Master_info entries succeeded
2026-09-21  2:52:44 0 [Note] Added new Master_info '' to hash table
2026-09-21  2:52:44 0 [Note] mysql: ready for connections.
Version: '10.4.32-MariaDB'  socket: ''  port: 3306  mariadb.org binary distribution
2026-09-21  2:52:45 0 [Note] InnoDB: Buffer pool(s) load completed at 260921  2:52:45
2026-09-21  4:41:07 0 [Note] Starting MariaDB 10.4.32-MariaDB source revision c4143f909528e3fab0677a28631d10389354c491 as process 6312
2026-09-21  4:41:07 0 [Note] InnoDB: Mutexes and rw_locks use Windows interlocked functions
2026-09-21  4:41:07 0 [Note] InnoDB: Uses event mutexes
2026-09-21  4:41:07 0 [Note] InnoDB: Compressed tables use zlib 1.3
2026-09-21  4:41:07 0 [Note] InnoDB: Number of pools: 1
2026-09-21  4:41:07 0 [Note] InnoDB: Using SSE2 crc32 instructions
2026-09-21  4:41:07 0 [Note] InnoDB: Initializing buffer pool, total size = 128M, instances = 1, chunk size = 128M
2026-09-21  4:41:07 0 [Note] InnoDB: Completed initialization of buffer pool
2026-09-21  4:41:08 0 [Note] InnoDB: Starting crash recovery from checkpoint LSN=167480977
2026-09-21  4:41:08 0 [Note] InnoDB: 128 out of 128 rollback segments are active.
2026-09-21  4:41:08 0 [Note] InnoDB: Removed temporary tablespace data file: "ibtmp1"
2026-09-21  4:41:08 0 [Note] InnoDB: Creating shared tablespace for temporary tables
2026-09-21  4:41:08 0 [Note] InnoDB: Setting file '.\ibtmp1' size to 12 MB. Physically writing the file full; Please wait ...
2026-09-21  4:41:08 0 [Note] InnoDB: File '.\ibtmp1' size is now 12 MB.
2026-09-21  4:41:08 0 [Note] InnoDB: Waiting for purge to start
2026-09-21  4:41:08 0 [Note] InnoDB: 10.4.32 started; log sequence number 167480986; transaction id 175733
2026-09-21  4:41:08 0 [Note] InnoDB: Loading buffer pool(s) from c:\xampp\mysql\data\ib_buffer_pool
2026-09-21  4:41:08 0 [Note] Plugin 'FEEDBACK' is disabled.
2026-09-21  4:41:08 0 [Note] Server socket created on IP: '::'.
2026-09-21  4:41:08 0 [Note] Reading of all Master_info entries succeeded
2026-09-21  4:41:08 0 [Note] Added new Master_info '' to hash table
2026-09-21  4:41:08 0 [Note] mysql: ready for connections.
Version: '10.4.32-MariaDB'  socket: ''  port: 3306  mariadb.org binary distribution
2026-09-21  4:41:09 0 [Note] InnoDB: Buffer pool(s) load completed at 260921  4:41:09
2026-09-21 13:02:21 8 [Warning] Access denied for user 'dormitory'@'localhost' (using password: NO)
2026-09-21 13:04:45 9 [Warning] Access denied for user 'dormitory'@'localhost' (using password: NO)
2026-09-21 13:08:08 10 [Warning] Access denied for user 'dormitory'@'localhost' (using password: NO)
2026-09-21 13:09:08 11 [Warning] Access denied for user 'dormitory'@'localhost' (using password: NO)
2026-09-23  1:23:43 0 [Note] Starting MariaDB 10.4.32-MariaDB source revision c4143f909528e3fab0677a28631d10389354c491 as process 6140
2026-09-23  1:23:43 0 [Note] InnoDB: Mutexes and rw_locks use Windows interlocked functions
2026-09-23  1:23:43 0 [Note] InnoDB: Uses event mutexes
2026-09-23  1:23:43 0 [Note] InnoDB: Compressed tables use zlib 1.3
2026-09-23  1:23:43 0 [Note] InnoDB: Number of pools: 1
2026-09-23  1:23:43 0 [Note] InnoDB: Using SSE2 crc32 instructions
2026-09-23  1:23:43 0 [Note] InnoDB: Initializing buffer pool, total size = 128M, instances = 1, chunk size = 128M
2026-09-23  1:23:43 0 [Note] InnoDB: Completed initialization of buffer pool
2026-09-23  1:23:43 0 [Note] InnoDB: Starting crash recovery from checkpoint LSN=167481312
2026-09-23  1:23:43 0 [Note] InnoDB: 128 out of 128 rollback segments are active.
2026-09-23  1:23:43 0 [Note] InnoDB: Removed temporary tablespace data file: "ibtmp1"
2026-09-23  1:23:43 0 [Note] InnoDB: Creating shared tablespace for temporary tables
2026-09-23  1:23:43 0 [Note] InnoDB: Setting file '.\ibtmp1' size to 12 MB. Physically writing the file full; Please wait ...
2026-09-23  1:23:43 0 [Note] InnoDB: File '.\ibtmp1' size is now 12 MB.
2026-09-23  1:23:43 0 [Note] InnoDB: Waiting for purge to start
2026-09-23  1:23:43 0 [Note] InnoDB: 10.4.32 started; log sequence number 167481321; transaction id 175757
2026-09-23  1:23:43 0 [Note] InnoDB: Loading buffer pool(s) from c:\xampp\mysql\data\ib_buffer_pool
2026-09-23  1:23:43 0 [Note] Plugin 'FEEDBACK' is disabled.
2026-09-23  1:23:44 0 [Note] Server socket created on IP: '::'.
2026-09-23  1:23:44 0 [Note] InnoDB: Buffer pool(s) load completed at 260923  1:23:44
2026-09-23  1:23:45 0 [Note] Reading of all Master_info entries succeeded
2026-09-23  1:23:45 0 [Note] Added new Master_info '' to hash table
2026-09-23  1:23:45 0 [Note] mysql: ready for connections.
Version: '10.4.32-MariaDB'  socket: ''  port: 3306  mariadb.org binary distribution
2026-09-23  9:25:08 0 [Note] Starting MariaDB 10.4.32-MariaDB source revision c4143f909528e3fab0677a28631d10389354c491 as process 6036
2026-09-23  9:25:08 0 [Note] InnoDB: Mutexes and rw_locks use Windows interlocked functions
2026-09-23  9:25:08 0 [Note] InnoDB: Uses event mutexes
2026-09-23  9:25:08 0 [Note] InnoDB: Compressed tables use zlib 1.3
2026-09-23  9:25:08 0 [Note] InnoDB: Number of pools: 1
2026-09-23  9:25:08 0 [Note] InnoDB: Using SSE2 crc32 instructions
2026-09-23  9:25:08 0 [Note] InnoDB: Initializing buffer pool, total size = 128M, instances = 1, chunk size = 128M
2026-09-23  9:25:08 0 [Note] InnoDB: Completed initialization of buffer pool
2026-09-23  9:25:08 0 [Note] InnoDB: Starting crash recovery from checkpoint LSN=167481330
2026-09-23  9:25:09 0 [Note] InnoDB: 128 out of 128 rollback segments are active.
2026-09-23  9:25:09 0 [Note] InnoDB: Removed temporary tablespace data file: "ibtmp1"
2026-09-23  9:25:09 0 [Note] InnoDB: Creating shared tablespace for temporary tables
2026-09-23  9:25:09 0 [Note] InnoDB: Setting file '.\ibtmp1' size to 12 MB. Physically writing the file full; Please wait ...
2026-09-23  9:25:09 0 [Note] InnoDB: File '.\ibtmp1' size is now 12 MB.
2026-09-23  9:25:09 0 [Note] InnoDB: Waiting for purge to start
2026-09-23  9:25:09 0 [Note] InnoDB: 10.4.32 started; log sequence number 167481339; transaction id 175757
2026-09-23  9:25:09 0 [Note] InnoDB: Loading buffer pool(s) from c:\xampp\mysql\data\ib_buffer_pool
2026-09-23  9:25:09 0 [Note] Plugin 'FEEDBACK' is disabled.
2026-09-23  9:25:09 0 [Note] Server socket created on IP: '::'.
2026-09-23  9:25:09 0 [Note] Reading of all Master_info entries succeeded
2026-09-23  9:25:09 0 [Note] Added new Master_info '' to hash table
2026-09-23  9:25:09 0 [Note] mysql: ready for connections.
Version: '10.4.32-MariaDB'  socket: ''  port: 3306  mariadb.org binary distribution
2026-09-23  9:25:09 0 [Note] InnoDB: Buffer pool(s) load completed at 260923  9:25:09
2026-09-23 18:32:02 0 [Note] Starting MariaDB 10.4.32-MariaDB source revision c4143f909528e3fab0677a28631d10389354c491 as process 6168
2026-09-23 18:32:02 0 [Note] InnoDB: Mutexes and rw_locks use Windows interlocked functions
2026-09-23 18:32:02 0 [Note] InnoDB: Uses event mutexes
2026-09-23 18:32:02 0 [Note] InnoDB: Compressed tables use zlib 1.3
2026-09-23 18:32:02 0 [Note] InnoDB: Number of pools: 1
2026-09-23 18:32:02 0 [Note] InnoDB: Using SSE2 crc32 instructions
2026-09-23 18:32:02 0 [Note] InnoDB: Initializing buffer pool, total size = 128M, instances = 1, chunk size = 128M
2026-09-23 18:32:02 0 [Note] InnoDB: Completed initialization of buffer pool
2026-09-23 18:32:02 0 [Note] InnoDB: Starting crash recovery from checkpoint LSN=167481364
2026-09-23 18:32:03 0 [Note] InnoDB: 128 out of 128 rollback segments are active.
2026-09-23 18:32:03 0 [Note] InnoDB: Removed temporary tablespace data file: "ibtmp1"
2026-09-23 18:32:03 0 [Note] InnoDB: Creating shared tablespace for temporary tables
2026-09-23 18:32:03 0 [Note] InnoDB: Setting file '.\ibtmp1' size to 12 MB. Physically writing the file full; Please wait ...
2026-09-23 18:32:03 0 [Note] InnoDB: File '.\ibtmp1' size is now 12 MB.
2026-09-23 18:32:03 0 [Note] InnoDB: Waiting for purge to start
2026-09-23 18:32:03 0 [Note] InnoDB: 10.4.32 started; log sequence number 167481373; transaction id 175757
2026-09-23 18:32:03 0 [Note] InnoDB: Loading buffer pool(s) from c:\xampp\mysql\data\ib_buffer_pool
2026-09-23 18:32:03 0 [Note] Plugin 'FEEDBACK' is disabled.
2026-09-23 18:32:03 0 [Note] Server socket created on IP: '::'.
2026-09-23 18:32:03 0 [Note] Reading of all Master_info entries succeeded
2026-09-23 18:32:03 0 [Note] Added new Master_info '' to hash table
2026-09-23 18:32:03 0 [Note] mysql: ready for connections.
Version: '10.4.32-MariaDB'  socket: ''  port: 3306  mariadb.org binary distribution
2026-09-23 18:32:03 0 [Note] InnoDB: Buffer pool(s) load completed at 260923 18:32:03
2026-09-23 20:18:36 22 [Warning] Access denied for user 'dormitory'@'localhost' (using password: NO)
2026-09-23 20:21:44 39 [Warning] Access denied for user 'dormitory'@'localhost' (using password: NO)
2026-09-23 20:23:44 40 [Warning] Access denied for user 'dormitory'@'localhost' (using password: NO)
2026-09-23 20:23:55 41 [Warning] Access denied for user 'dormitory'@'localhost' (using password: NO)
2026-09-23 20:25:16 43 [Warning] Access denied for user 'dormitory'@'localhost' (using password: NO)
2026-09-23 20:28:54 48 [Warning] Aborted connection 48 to db: 'unconnected' user: 'unauthenticated' host: 'localhost' (Got an error reading communication packets)
2026-09-23 20:28:54 48 [Warning] Aborted connection 48 to db: 'unconnected' user: 'unauthenticated' host: 'localhost' (This connection closed normally without authentication)
2026-09-23 20:29:27 47 [Warning] Aborted connection 47 to db: 'dormitory' user: 'root' host: 'localhost' (Got an error reading communication packets)
2026-09-23 20:41:35 0 [Note] mysql (initiated by: unknown): Normal shutdown
2026-09-23 20:41:35 0 [Note] Event Scheduler: Purging the queue. 0 events
2026-09-23 20:41:35 0 [Note] InnoDB: FTS optimize thread exiting.
2026-09-23 20:41:35 0 [Note] InnoDB: Starting shutdown...
2026-09-23 20:41:35 0 [Note] InnoDB: Dumping buffer pool(s) to c:\xampp\mysql\data\ib_buffer_pool
2026-09-23 20:41:35 0 [Note] InnoDB: Buffer pool(s) dump completed at 260923 20:41:35
2026-09-23 20:41:36 0 [Note] InnoDB: Removed temporary tablespace data file: "ibtmp1"
2026-09-23 20:41:36 0 [Note] InnoDB: Shutdown completed; log sequence number 167482398; transaction id 175781
2026-09-23 20:41:36 0 [Note] mysql: Shutdown complete

2026-09-23 20:42:13 0 [Note] Starting MariaDB 10.4.32-MariaDB source revision c4143f909528e3fab0677a28631d10389354c491 as process 25432
2026-09-23 20:42:13 0 [Note] InnoDB: Mutexes and rw_locks use Windows interlocked functions
2026-09-23 20:42:13 0 [Note] InnoDB: Uses event mutexes
2026-09-23 20:42:13 0 [Note] InnoDB: Compressed tables use zlib 1.3
2026-09-23 20:42:13 0 [Note] InnoDB: Number of pools: 1
2026-09-23 20:42:13 0 [Note] InnoDB: Using SSE2 crc32 instructions
2026-09-23 20:42:13 0 [Note] InnoDB: Initializing buffer pool, total size = 128M, instances = 1, chunk size = 128M
2026-09-23 20:42:13 0 [Note] InnoDB: Completed initialization of buffer pool
2026-09-23 20:42:16 0 [Note] InnoDB: 128 out of 128 rollback segments are active.
2026-09-23 20:42:16 0 [Note] InnoDB: Creating shared tablespace for temporary tables
2026-09-23 20:42:16 0 [Note] InnoDB: Setting file '.\ibtmp1' size to 12 MB. Physically writing the file full; Please wait ...
2026-09-23 20:42:16 0 [Note] InnoDB: File '.\ibtmp1' size is now 12 MB.
2026-09-23 20:42:16 0 [Note] InnoDB: Waiting for purge to start
2026-09-23 20:42:16 0 [Note] InnoDB: 10.4.32 started; log sequence number 167482398; transaction id 175782
2026-09-23 20:42:16 0 [Note] InnoDB: Loading buffer pool(s) from c:\xampp\mysql\data\ib_buffer_pool
2026-09-23 20:42:16 0 [Note] Plugin 'FEEDBACK' is disabled.
2026-09-23 20:42:16 0 [Note] Server socket created on IP: '::'.
2026-09-23 20:42:16 0 [Note] InnoDB: Buffer pool(s) load completed at 260923 20:42:16
2026-09-23 20:42:16 0 [Note] Reading of all Master_info entries succeeded
2026-09-23 20:42:16 0 [Note] Added new Master_info '' to hash table
2026-09-23 20:42:16 0 [Note] mysql: ready for connections.
Version: '10.4.32-MariaDB'  socket: ''  port: 3306  mariadb.org binary distribution
2026-09-24 14:47:00 0 [Note] mysql (initiated by: unknown): Normal shutdown
2026-09-24 14:47:00 0 [Note] Event Scheduler: Purging the queue. 0 events
2026-09-24 14:47:00 0 [Note] InnoDB: FTS optimize thread exiting.
2026-09-24 14:47:00 0 [Note] InnoDB: Starting shutdown...
2026-09-24 14:47:00 0 [Note] InnoDB: Dumping buffer pool(s) to c:\xampp\mysql\data\ib_buffer_pool
2026-09-24 14:47:00 0 [Note] InnoDB: Buffer pool(s) dump completed at 260924 14:47:00
2026-09-24 14:47:01 0 [Note] InnoDB: Removed temporary tablespace data file: "ibtmp1"
2026-09-24 14:47:01 0 [Note] InnoDB: Shutdown completed; log sequence number 167483319; transaction id 175808
2026-09-24 14:47:01 0 [Note] mysql: Shutdown complete

2026-09-24 14:47:20 0 [Note] Starting MariaDB 10.4.32-MariaDB source revision c4143f909528e3fab0677a28631d10389354c491 as process 12656
2026-09-24 14:47:20 0 [Note] InnoDB: Mutexes and rw_locks use Windows interlocked functions
2026-09-24 14:47:20 0 [Note] InnoDB: Uses event mutexes
2026-09-24 14:47:20 0 [Note] InnoDB: Compressed tables use zlib 1.3
2026-09-24 14:47:20 0 [Note] InnoDB: Number of pools: 1
2026-09-24 14:47:20 0 [Note] InnoDB: Using SSE2 crc32 instructions
2026-09-24 14:47:20 0 [Note] InnoDB: Initializing buffer pool, total size = 128M, instances = 1, chunk size = 128M
2026-09-24 14:47:20 0 [Note] InnoDB: Completed initialization of buffer pool
2026-09-24 14:47:22 0 [Note] InnoDB: 128 out of 128 rollback segments are active.
2026-09-24 14:47:22 0 [Note] InnoDB: Creating shared tablespace for temporary tables
2026-09-24 14:47:22 0 [Note] InnoDB: Setting file '.\ibtmp1' size to 12 MB. Physically writing the file full; Please wait ...
2026-09-24 14:47:22 0 [Note] InnoDB: File '.\ibtmp1' size is now 12 MB.
2026-09-24 14:47:22 0 [Note] InnoDB: Waiting for purge to start
2026-09-24 14:47:22 0 [Note] InnoDB: 10.4.32 started; log sequence number 167483319; transaction id 175809
2026-09-24 14:47:22 0 [Note] InnoDB: Loading buffer pool(s) from c:\xampp\mysql\data\ib_buffer_pool
2026-09-24 14:47:22 0 [Note] Plugin 'FEEDBACK' is disabled.
2026-09-24 14:47:22 0 [Note] Server socket created on IP: '::'.
2026-09-24 14:47:22 0 [Note] InnoDB: Buffer pool(s) load completed at 260924 14:47:22
2026-09-24 14:47:22 0 [Note] Reading of all Master_info entries succeeded
2026-09-24 14:47:22 0 [Note] Added new Master_info '' to hash table
2026-09-24 14:47:22 0 [Note] mysql: ready for connections.
Version: '10.4.32-MariaDB'  socket: ''  port: 3306  mariadb.org binary distribution
2026-09-24 14:56:56 0 [Note] mysql (initiated by: root[root] @ localhost [127.0.0.1]): Normal shutdown
2026-09-24 14:56:56 0 [Note] Event Scheduler: Purging the queue. 0 events
2026-09-24 14:56:56 0 [Note] InnoDB: FTS optimize thread exiting.
2026-09-24 14:56:56 0 [Note] InnoDB: Starting shutdown...
2026-09-24 14:56:56 0 [Note] InnoDB: Dumping buffer pool(s) to c:\xampp\mysql\data\ib_buffer_pool
2026-09-24 14:56:56 0 [Note] InnoDB: Buffer pool(s) dump completed at 260924 14:56:56
2026-09-24 14:56:57 0 [Note] InnoDB: Removed temporary tablespace data file: "ibtmp1"
2026-09-24 14:56:57 0 [Note] InnoDB: Shutdown completed; log sequence number 167484913; transaction id 176131
2026-09-24 14:56:57 0 [Note] mysql: Shutdown complete

